position_id,symbol,direction,open_time_utc,close_time_utc,entry_price,exit_price,price_delta,volume_in,volume_out,profit_sum,swap_sum,commission_sum,net_sum,magic,comment_last,close_ticket,strategy_id,sample_type,source_file,source_path,environment,symbol_folder,account_type
748,USDJPY,BUY,2024-07-02 07:45:00+00:00,2024-07-02 16:43:20+00:00,161.68,161.28,-0.4000000000000057,0.4,0.4,-101.21,0.0,-2.0,-103.21,,[sl 161.280],748,0.18430,OOS,listOfTrades_USDJPY_37_0.18430_BUY_M15.csv,C:\Users\Leon\Desktop\Business_Code\Quant_Structure\FTMO\Data_Center\Data\Trades\Raw\Backtest\LIVE_ACCOUNT\USDJPY\listOfTrades_USDJPY_37_0.18430_BUY_M15.csv,LIVE_ACCOUNT,USDJPY,LIVE_ACCOUNT
750,USDJPY,BUY,2024-07-03 07:45:00+00:00,2024-07-03 17:00:40+00:00,161.711,161.311,-0.4000000000000057,0.4,0.4,-101.19,0.0,-2.0,-103.19,,[sl 161.311],750,0.18430,OOS,listOfTrades_USDJPY_37_0.18430_BUY_M15.csv,C:\Users\Leon\Desktop\Business_Code\Quant_Structure\FTMO\Data_Center\Data\Trades\Raw\Backtest\LIVE_ACCOUNT\USDJPY\listOfTrades_USDJPY_37_0.18430_BUY_M15.csv,LIVE_ACCOUNT,USDJPY,LIVE_ACCOUNT
752,USDJPY,BUY,2024-07-09 14:15:00+00:00,2024-07-09 23:45:00+00:00,161.151,161.295,0.14399999999997704,0.4,0.4,33.71,0.0,-2.0,31.71,,Strategy 0.18430,752,0.18430,OOS,listOfTrades_USDJPY_37_0.18430_BUY_M15.csv,C:\Users\Leon\Desktop\Business_Code\Quant_Structure\FTMO\Data_Center\Data\Trades\Raw\Backtest\LIVE_ACCOUNT\USDJPY\listOfTrades_USDJPY_37_0.18430_BUY_M15.csv,LIVE_ACCOUNT,USDJPY,LIVE_ACCOUNT
754,USDJPY,BUY,2024-07-11 08:00:00+00:00,2024-07-11 15:30:40+00:00,161.691,161.291,-0.4000000000000057,0.4,0.4,-101.2,0.0,-2.0,-103.2,,[sl 161.291],754,0.18430,OOS,listOfTrades_USDJPY_37_0.18430_BUY_M15.csv,C:\Users\Leon\Desktop\Business_Code\Quant_Structure\FTMO\Data_Center\Data\Trades\Raw\Backtest\LIVE_ACCOUNT\USDJPY\listOfTrades_USDJPY_37_0.18430_BUY_M15.csv,LIVE_ACCOUNT,USDJPY,LIVE_ACCOUNT
756,USDJPY,BUY,2024-07-16 16:00:00+00:00,2024-07-16 21:59:40+00:00,158.756,158.356,-0.4000000000000057,0.4,0.4,-103.04,0.0,-2.0,-105.04,,[sl 158.356],756,0.18430,OOS,listOfTrades_USDJPY_37_0.18430_BUY_M15.csv,C:\Users\Leon\Desktop\Business_Code\Quant_Structure\FTMO\Data_Center\Data\Trades\Raw\Backtest\LIVE_ACCOUNT\USDJPY\listOfTrades_USDJPY_37_0.18430_BUY_M15.csv,LIVE_ACCOUNT,USDJPY,LIVE_ACCOUNT
758,USDJPY,BUY,2024-07-19 08:15:00+00:00,2024-07-19 09:54:40+00:00,157.671,157.271,-0.4000000000000057,0.4,0.4,-103.74,0.0,-2.0,-105.74,,[sl 157.271],758,0.18430,OOS,listOfTrades_USDJPY_37_0.18430_BUY_M15.csv,C:\Users\Leon\Desktop\Business_Code\Quant_Structure\FTMO\Data_Center\Data\Trades\Raw\Backtest\LIVE_ACCOUNT\USDJPY\listOfTrades_USDJPY_37_0.18430_BUY_M15.csv,LIVE_ACCOUNT,USDJPY,LIVE_ACCOUNT
760,USDJPY,BUY,2024-07-26 11:30:00+00:00,2024-07-26 16:05:40+00:00,154.267,153.867,-0.4000000000000057,0.4,0.4,-105.99,0.0,-2.0,-107.99,,[sl 153.867],760,0.18430,OOS,listOfTrades_USDJPY_37_0.18430_BUY_M15.csv,C:\Users\Leon\Desktop\Business_Code\Quant_Structure\FTMO\Data_Center\Data\Trades\Raw\Backtest\LIVE_ACCOUNT\USDJPY\listOfTrades_USDJPY_37_0.18430_BUY_M15.csv,LIVE_ACCOUNT,USDJPY,LIVE_ACCOUNT
762,USDJPY,BUY,2024-07-30 07:45:00+00:00,2024-07-30 09:44:40+00:00,154.338,155.138,0.8000000000000114,0.4,0.4,204.27,0.0,-2.0,202.27,,[tp 155.138],762,0.18430,OOS,listOfTrades_USDJPY_37_0.18430_BUY_M15.csv,C:\Users\Leon\Desktop\Business_Code\Quant_Structure\FTMO\Data_Center\Data\Trades\Raw\Backtest\LIVE_ACCOUNT\USDJPY\listOfTrades_USDJPY_37_0.18430_BUY_M15.csv,LIVE_ACCOUNT,USDJPY,LIVE_ACCOUNT
764,USDJPY,BUY,2024-08-07 07:30:00+00:00,2024-08-07 08:20:40+00:00,147.788,147.388,-0.4000000000000057,0.4,0.4,-110.56,0.0,-2.0,-112.56,,[sl 147.388],764,0.18430,OOS,listOfTrades_USDJPY_37_0.18430_BUY_M15.csv,C:\Users\Leon\Desktop\Business_Code\Quant_Structure\FTMO\Data_Center\Data\Trades\Raw\Backtest\LIVE_ACCOUNT\USDJPY\listOfTrades_USDJPY_37_0.18430_BUY_M15.csv,LIVE_ACCOUNT,USDJPY,LIVE_ACCOUNT
766,USDJPY,BUY,2024-08-08 15:45:00+00:00,2024-08-08 23:45:00+00:00,147.016,147.232,0.21600000000000819,0.4,0.4,56.68,0.0,-2.0,54.68,,Strategy 0.18430,766,0.18430,OOS,listOfTrades_USDJPY_37_0.18430_BUY_M15.csv,C:\Users\Leon\Desktop\Business_Code\Quant_Structure\FTMO\Data_Center\Data\Trades\Raw\Backtest\LIVE_ACCOUNT\USDJPY\listOfTrades_USDJPY_37_0.18430_BUY_M15.csv,LIVE_ACCOUNT,USDJPY,LIVE_ACCOUNT
768,USDJPY,BUY,2024-08-12 07:00:00+00:00,2024-08-12 16:14:40+00:00,147.206,148.006,0.8000000000000114,0.4,0.4,214.21,0.0,-2.0,212.21,,[tp 148.006],768,0.18430,OOS,listOfTrades_USDJPY_37_0.18430_BUY_M15.csv,C:\Users\Leon\Desktop\Business_Code\Quant_Structure\FTMO\Data_Center\Data\Trades\Raw\Backtest\LIVE_ACCOUNT\USDJPY\listOfTrades_USDJPY_37_0.18430_BUY_M15.csv,LIVE_ACCOUNT,USDJPY,LIVE_ACCOUNT
770,USDJPY,BUY,2024-08-13 07:30:00+00:00,2024-08-13 15:30:40+00:00,147.6,147.2,-0.4000000000000057,0.4,0.4,-110.7,0.0,-2.0,-112.7,,[sl 147.200],770,0.18430,OOS,listOfTrades_USDJPY_37_0.18430_BUY_M15.csv,C:\Users\Leon\Desktop\Business_Code\Quant_Structure\FTMO\Data_Center\Data\Trades\Raw\Backtest\LIVE_ACCOUNT\USDJPY\listOfTrades_USDJPY_37_0.18430_BUY_M15.csv,LIVE_ACCOUNT,USDJPY,LIVE_ACCOUNT
772,USDJPY,BUY,2024-08-14 15:45:00+00:00,2024-08-14 17:07:40+00:00,147.252,146.852,-0.4000000000000057,0.4,0.4,-110.95,0.0,-2.0,-112.95,,[sl 146.852],772,0.18430,OOS,listOfTrades_USDJPY_37_0.18430_BUY_M15.csv,C:\Users\Leon\Desktop\Business_Code\Quant_Structure\FTMO\Data_Center\Data\Trades\Raw\Backtest\LIVE_ACCOUNT\USDJPY\listOfTrades_USDJPY_37_0.18430_BUY_M15.csv,LIVE_ACCOUNT,USDJPY,LIVE_ACCOUNT
774,USDJPY,BUY,2024-08-15 15:45:00+00:00,2024-08-15 23:45:00+00:00,148.768,149.278,0.5099999999999909,0.4,0.4,134.66,0.0,-2.0,132.66,,Strategy 0.18430,774,0.18430,OOS,listOfTrades_USDJPY_37_0.18430_BUY_M15.csv,C:\Users\Leon\Desktop\Business_Code\Quant_Structure\FTMO\Data_Center\Data\Trades\Raw\Backtest\LIVE_ACCOUNT\USDJPY\listOfTrades_USDJPY_37_0.18430_BUY_M15.csv,LIVE_ACCOUNT,USDJPY,LIVE_ACCOUNT
776,USDJPY,BUY,2024-08-20 08:30:00+00:00,2024-08-20 10:15:40+00:00,147.267,146.867,-0.4000000000000057,0.4,0.4,-110.94,0.0,-2.0,-112.94,,[sl 146.867],776,0.18430,OOS,listOfTrades_USDJPY_37_0.18430_BUY_M15.csv,C:\Users\Leon\Desktop\Business_Code\Quant_Structure\FTMO\Data_Center\Data\Trades\Raw\Backtest\LIVE_ACCOUNT\USDJPY\listOfTrades_USDJPY_37_0.18430_BUY_M15.csv,LIVE_ACCOUNT,USDJPY,LIVE_ACCOUNT
778,USDJPY,BUY,2024-08-21 16:30:00+00:00,2024-08-21 17:00:40+00:00,145.644,146.444,0.799999999999983,0.4,0.4,216.51,0.0,-2.0,214.51,,[tp 146.444],778,0.18430,OOS,listOfTrades_USDJPY_37_0.18430_BUY_M15.csv,C:\Users\Leon\Desktop\Business_Code\Quant_Structure\FTMO\Data_Center\Data\Trades\Raw\Backtest\LIVE_ACCOUNT\USDJPY\listOfTrades_USDJPY_37_0.18430_BUY_M15.csv,LIVE_ACCOUNT,USDJPY,LIVE_ACCOUNT
780,USDJPY,BUY,2024-08-22 12:15:00+00:00,2024-08-22 23:45:00+00:00,145.733,146.265,0.5319999999999823,0.4,0.4,143.49,0.0,-2.0,141.49,,Strategy 0.18430,780,0.18430,OOS,listOfTrades_USDJPY_37_0.18430_BUY_M15.csv,C:\Users\Leon\Desktop\Business_Code\Quant_Structure\FTMO\Data_Center\Data\Trades\Raw\Backtest\LIVE_ACCOUNT\USDJPY\listOfTrades_USDJPY_37_0.18430_BUY_M15.csv,LIVE_ACCOUNT,USDJPY,LIVE_ACCOUNT
782,USDJPY,BUY,2024-08-23 16:45:00+00:00,2024-08-23 17:00:40+00:00,146.37,145.97,-0.4000000000000057,0.4,0.4,-111.61,0.0,-2.0,-113.61,,[sl 145.970],782,0.18430,OOS,listOfTrades_USDJPY_37_0.18430_BUY_M15.csv,C:\Users\Leon\Desktop\Business_Code\Quant_Structure\FTMO\Data_Center\Data\Trades\Raw\Backtest\LIVE_ACCOUNT\USDJPY\listOfTrades_USDJPY_37_0.18430_BUY_M15.csv,LIVE_ACCOUNT,USDJPY,LIVE_ACCOUNT
784,USDJPY,BUY,2024-08-27 10:30:00+00:00,2024-08-27 14:24:40+00:00,145.07,144.67,-0.4000000000000057,0.4,0.4,-112.6,0.0,-2.0,-114.6,,[sl 144.670],784,0.18430,OOS,listOfTrades_USDJPY_37_0.18430_BUY_M15.csv,C:\Users\Leon\Desktop\Business_Code\Quant_Structure\FTMO\Data_Center\Data\Trades\Raw\Backtest\LIVE_ACCOUNT\USDJPY\listOfTrades_USDJPY_37_0.18430_BUY_M15.csv,LIVE_ACCOUNT,USDJPY,LIVE_ACCOUNT
786,USDJPY,BUY,2024-08-28 09:15:00+00:00,2024-08-28 12:09:40+00:00,144.556,144.156,-0.4000000000000057,0.4,0.4,-112.99,0.0,-2.0,-114.99,,[sl 144.156],786,0.18430,OOS,listOfTrades_USDJPY_37_0.18430_BUY_M15.csv,C:\Users\Leon\Desktop\Business_Code\Quant_Structure\FTMO\Data_Center\Data\Trades\Raw\Backtest\LIVE_ACCOUNT\USDJPY\listOfTrades_USDJPY_37_0.18430_BUY_M15.csv,LIVE_ACCOUNT,USDJPY,LIVE_ACCOUNT
788,USDJPY,BUY,2024-08-29 08:15:00+00:00,2024-08-29 23:45:00+00:00,144.781,144.98,0.19899999999998386,0.4,0.4,52.9,0.0,-2.0,50.9,,Strategy 0.18430,788,0.18430,OOS,listOfTrades_USDJPY_37_0.18430_BUY_M15.csv,C:\Users\Leon\Desktop\Business_Code\Quant_Structure\FTMO\Data_Center\Data\Trades\Raw\Backtest\LIVE_ACCOUNT\USDJPY\listOfTrades_USDJPY_37_0.18430_BUY_M15.csv,LIVE_ACCOUNT,USDJPY,LIVE_ACCOUNT
790,USDJPY,BUY,2024-08-30 09:30:00+00:00,2024-08-30 18:32:40+00:00,145.051,145.851,0.8000000000000114,0.4,0.4,217.4,0.0,-2.0,215.4,,[tp 145.851],790,0.18430,OOS,listOfTrades_USDJPY_37_0.18430_BUY_M15.csv,C:\Users\Leon\Desktop\Business_Code\Quant_Structure\FTMO\Data_Center\Data\Trades\Raw\Backtest\LIVE_ACCOUNT\USDJPY\listOfTrades_USDJPY_37_0.18430_BUY_M15.csv,LIVE_ACCOUNT,USDJPY,LIVE_ACCOUNT
792,USDJPY,BUY,2024-09-09 08:15:00+00:00,2024-09-09 23:45:00+00:00,143.026,143.131,0.10499999999998977,0.4,0.4,27.34,0.0,-2.0,25.34,,Strategy 0.18430,792,0.18430,OOS,listOfTrades_USDJPY_37_0.18430_BUY_M15.csv,C:\Users\Leon\Desktop\Business_Code\Quant_Structure\FTMO\Data_Center\Data\Trades\Raw\Backtest\LIVE_ACCOUNT\USDJPY\listOfTrades_USDJPY_37_0.18430_BUY_M15.csv,LIVE_ACCOUNT,USDJPY,LIVE_ACCOUNT
794,USDJPY,BUY,2024-09-10 11:00:00+00:00,2024-09-10 12:33:40+00:00,143.606,143.206,-0.4000000000000057,0.4,0.4,-113.73,0.0,-2.0,-115.73,,[sl 143.206],794,0.18430,OOS,listOfTrades_USDJPY_37_0.18430_BUY_M15.csv,C:\Users\Leon\Desktop\Business_Code\Quant_Structure\FTMO\Data_Center\Data\Trades\Raw\Backtest\LIVE_ACCOUNT\USDJPY\listOfTrades_USDJPY_37_0.18430_BUY_M15.csv,LIVE_ACCOUNT,USDJPY,LIVE_ACCOUNT
796,USDJPY,BUY,2024-09-12 10:30:00+00:00,2024-09-12 11:30:20+00:00,142.973,142.573,-0.4000000000000057,0.4,0.4,-114.22,0.0,-2.0,-116.22,,[sl 142.573],796,0.18430,OOS,listOfTrades_USDJPY_37_0.18430_BUY_M15.csv,C:\Users\Leon\Desktop\Business_Code\Quant_Structure\FTMO\Data_Center\Data\Trades\Raw\Backtest\LIVE_ACCOUNT\USDJPY\listOfTrades_USDJPY_37_0.18430_BUY_M15.csv,LIVE_ACCOUNT,USDJPY,LIVE_ACCOUNT
798,USDJPY,BUY,2024-09-17 15:45:00+00:00,2024-09-17 17:12:40+00:00,140.935,141.735,0.8000000000000114,0.4,0.4,223.77,0.0,-2.0,221.77,,[tp 141.735],798,0.18430,OOS,listOfTrades_USDJPY_37_0.18430_BUY_M15.csv,C:\Users\Leon\Desktop\Business_Code\Quant_Structure\FTMO\Data_Center\Data\Trades\Raw\Backtest\LIVE_ACCOUNT\USDJPY\listOfTrades_USDJPY_37_0.18430_BUY_M15.csv,LIVE_ACCOUNT,USDJPY,LIVE_ACCOUNT
800,USDJPY,BUY,2024-09-18 15:15:00+00:00,2024-09-18 21:00:40+00:00,142.041,141.641,-0.4000000000000057,0.4,0.4,-114.96,0.0,-2.0,-116.96,,[sl 141.641],800,0.18430,OOS,listOfTrades_USDJPY_37_0.18430_BUY_M15.csv,C:\Users\Leon\Desktop\Business_Code\Quant_Structure\FTMO\Data_Center\Data\Trades\Raw\Backtest\LIVE_ACCOUNT\USDJPY\listOfTrades_USDJPY_37_0.18430_BUY_M15.csv,LIVE_ACCOUNT,USDJPY,LIVE_ACCOUNT
802,USDJPY,BUY,2024-09-20 10:00:00+00:00,2024-09-20 11:46:40+00:00,142.994,143.794,0.8000000000000114,0.4,0.4,220.54,0.0,-2.0,218.54,,[tp 143.794],802,0.18430,OOS,listOfTrades_USDJPY_37_0.18430_BUY_M15.csv,C:\Users\Leon\Desktop\Business_Code\Quant_Structure\FTMO\Data_Center\Data\Trades\Raw\Backtest\LIVE_ACCOUNT\USDJPY\listOfTrades_USDJPY_37_0.18430_BUY_M15.csv,LIVE_ACCOUNT,USDJPY,LIVE_ACCOUNT
804,USDJPY,BUY,2024-09-24 08:15:00+00:00,2024-09-24 17:08:40+00:00,143.988,143.588,-0.4000000000000057,0.4,0.4,-113.43,0.0,-2.0,-115.43,,[sl 143.588],804,0.18430,OOS,listOfTrades_USDJPY_37_0.18430_BUY_M15.csv,C:\Users\Leon\Desktop\Business_Code\Quant_Structure\FTMO\Data_Center\Data\Trades\Raw\Backtest\LIVE_ACCOUNT\USDJPY\listOfTrades_USDJPY_37_0.18430_BUY_M15.csv,LIVE_ACCOUNT,USDJPY,LIVE_ACCOUNT
806,USDJPY,BUY,2024-09-25 09:45:00+00:00,2024-09-25 14:03:40+00:00,143.553,144.353,0.8000000000000114,0.4,0.4,219.68,0.0,-2.0,217.68,,[tp 144.353],806,0.18430,OOS,listOfTrades_USDJPY_37_0.18430_BUY_M15.csv,C:\Users\Leon\Desktop\Business_Code\Quant_Structure\FTMO\Data_Center\Data\Trades\Raw\Backtest\LIVE_ACCOUNT\USDJPY\listOfTrades_USDJPY_37_0.18430_BUY_M15.csv,LIVE_ACCOUNT,USDJPY,LIVE_ACCOUNT
808,USDJPY,BUY,2024-09-26 10:15:00+00:00,2024-09-26 13:22:40+00:00,144.983,144.583,-0.4000000000000057,0.4,0.4,-112.66,0.0,-2.0,-114.66,,[sl 144.583],808,0.18430,OOS,listOfTrades_USDJPY_37_0.18430_BUY_M15.csv,C:\Users\Leon\Desktop\Business_Code\Quant_Structure\FTMO\Data_Center\Data\Trades\Raw\Backtest\LIVE_ACCOUNT\USDJPY\listOfTrades_USDJPY_37_0.18430_BUY_M15.csv,LIVE_ACCOUNT,USDJPY,LIVE_ACCOUNT
810,USDJPY,BUY,2024-09-30 16:00:00+00:00,2024-09-30 21:17:40+00:00,142.956,143.756,0.8000000000000114,0.4,0.4,220.6,0.0,-2.0,218.6,,[tp 143.756],810,0.18430,OOS,listOfTrades_USDJPY_37_0.18430_BUY_M15.csv,C:\Users\Leon\Desktop\Business_Code\Quant_Structure\FTMO\Data_Center\Data\Trades\Raw\Backtest\LIVE_ACCOUNT\USDJPY\listOfTrades_USDJPY_37_0.18430_BUY_M15.csv,LIVE_ACCOUNT,USDJPY,LIVE_ACCOUNT
812,USDJPY,BUY,2024-10-02 10:30:00+00:00,2024-10-02 15:15:40+00:00,144.105,144.905,0.8000000000000114,0.4,0.4,218.83,0.0,-2.0,216.83,,[tp 144.905],812,0.18430,OOS,listOfTrades_USDJPY_37_0.18430_BUY_M15.csv,C:\Users\Leon\Desktop\Business_Code\Quant_Structure\FTMO\Data_Center\Data\Trades\Raw\Backtest\LIVE_ACCOUNT\USDJPY\listOfTrades_USDJPY_37_0.18430_BUY_M15.csv,LIVE_ACCOUNT,USDJPY,LIVE_ACCOUNT
814,USDJPY,BUY,2024-10-04 15:45:00+00:00,2024-10-04 23:45:00+00:00,148.294,148.72,0.4259999999999877,0.4,0.4,112.58,0.0,-2.0,110.58,,Strategy 0.18430,814,0.18430,OOS,listOfTrades_USDJPY_37_0.18430_BUY_M15.csv,C:\Users\Leon\Desktop\Business_Code\Quant_Structure\FTMO\Data_Center\Data\Trades\Raw\Backtest\LIVE_ACCOUNT\USDJPY\listOfTrades_USDJPY_37_0.18430_BUY_M15.csv,LIVE_ACCOUNT,USDJPY,LIVE_ACCOUNT
816,USDJPY,BUY,2024-10-08 17:00:00+00:00,2024-10-08 23:45:00+00:00,148.258,148.192,-0.0660000000000025,0.4,0.4,-19.81,0.0,-2.0,-21.81,,Strategy 0.18430,816,0.18430,OOS,listOfTrades_USDJPY_37_0.18430_BUY_M15.csv,C:\Users\Leon\Desktop\Business_Code\Quant_Structure\FTMO\Data_Center\Data\Trades\Raw\Backtest\LIVE_ACCOUNT\USDJPY\listOfTrades_USDJPY_37_0.18430_BUY_M15.csv,LIVE_ACCOUNT,USDJPY,LIVE_ACCOUNT
818,USDJPY,BUY,2024-10-09 08:15:00+00:00,2024-10-09 21:55:40+00:00,148.517,149.317,0.8000000000000114,0.4,0.4,212.31,0.0,-2.0,210.31,,[tp 149.317],818,0.18430,OOS,listOfTrades_USDJPY_37_0.18430_BUY_M15.csv,C:\Users\Leon\Desktop\Business_Code\Quant_Structure\FTMO\Data_Center\Data\Trades\Raw\Backtest\LIVE_ACCOUNT\USDJPY\listOfTrades_USDJPY_37_0.18430_BUY_M15.csv,LIVE_ACCOUNT,USDJPY,LIVE_ACCOUNT
820,USDJPY,BUY,2024-10-10 07:30:00+00:00,2024-10-10 10:41:40+00:00,149.393,148.993,-0.4000000000000057,0.4,0.4,-109.39,0.0,-2.0,-111.39,,[sl 148.993],820,0.18430,OOS,listOfTrades_USDJPY_37_0.18430_BUY_M15.csv,C:\Users\Leon\Desktop\Business_Code\Quant_Structure\FTMO\Data_Center\Data\Trades\Raw\Backtest\LIVE_ACCOUNT\USDJPY\listOfTrades_USDJPY_37_0.18430_BUY_M15.csv,LIVE_ACCOUNT,USDJPY,LIVE_ACCOUNT
822,USDJPY,BUY,2024-10-11 09:30:00+00:00,2024-10-11 23:45:00+00:00,148.829,149.144,0.3149999999999977,0.4,0.4,82.48,0.0,-2.0,80.48,,Strategy 0.18430,822,0.18430,OOS,listOfTrades_USDJPY_37_0.18430_BUY_M15.csv,C:\Users\Leon\Desktop\Business_Code\Quant_Structure\FTMO\Data_Center\Data\Trades\Raw\Backtest\LIVE_ACCOUNT\USDJPY\listOfTrades_USDJPY_37_0.18430_BUY_M15.csv,LIVE_ACCOUNT,USDJPY,LIVE_ACCOUNT
824,USDJPY,BUY,2024-10-14 11:15:00+00:00,2024-10-14 23:45:00+00:00,149.444,149.717,0.27300000000002456,0.4,0.4,70.94,0.0,-2.0,68.94,,Strategy 0.18430,824,0.18430,OOS,listOfTrades_USDJPY_37_0.18430_BUY_M15.csv,C:\Users\Leon\Desktop\Business_Code\Quant_Structure\FTMO\Data_Center\Data\Trades\Raw\Backtest\LIVE_ACCOUNT\USDJPY\listOfTrades_USDJPY_37_0.18430_BUY_M15.csv,LIVE_ACCOUNT,USDJPY,LIVE_ACCOUNT
826,USDJPY,BUY,2024-10-16 13:30:00+00:00,2024-10-16 23:45:00+00:00,149.337,149.628,0.2909999999999968,0.4,0.4,75.79,0.0,-2.0,73.79,,Strategy 0.18430,826,0.18430,OOS,listOfTrades_USDJPY_37_0.18430_BUY_M15.csv,C:\Users\Leon\Desktop\Business_Code\Quant_Structure\FTMO\Data_Center\Data\Trades\Raw\Backtest\LIVE_ACCOUNT\USDJPY\listOfTrades_USDJPY_37_0.18430_BUY_M15.csv,LIVE_ACCOUNT,USDJPY,LIVE_ACCOUNT
828,USDJPY,BUY,2024-10-17 09:30:00+00:00,2024-10-17 23:45:00+00:00,149.622,150.225,0.6029999999999802,0.4,0.4,158.56,0.0,-2.0,156.56,,Strategy 0.18430,828,0.18430,OOS,listOfTrades_USDJPY_37_0.18430_BUY_M15.csv,C:\Users\Leon\Desktop\Business_Code\Quant_Structure\FTMO\Data_Center\Data\Trades\Raw\Backtest\LIVE_ACCOUNT\USDJPY\listOfTrades_USDJPY_37_0.18430_BUY_M15.csv,LIVE_ACCOUNT,USDJPY,LIVE_ACCOUNT
830,USDJPY,BUY,2024-10-25 19:15:00+00:00,2024-10-25 23:45:00+00:00,152.117,152.327,0.21000000000000796,0.4,0.4,53.14,0.0,-2.0,51.14,,Strategy 0.18430,830,0.18430,OOS,listOfTrades_USDJPY_37_0.18430_BUY_M15.csv,C:\Users\Leon\Desktop\Business_Code\Quant_Structure\FTMO\Data_Center\Data\Trades\Raw\Backtest\LIVE_ACCOUNT\USDJPY\listOfTrades_USDJPY_37_0.18430_BUY_M15.csv,LIVE_ACCOUNT,USDJPY,LIVE_ACCOUNT
832,USDJPY,BUY,2024-10-29 11:30:00+00:00,2024-10-29 23:45:00+00:00,153.288,153.353,0.06499999999999773,0.4,0.4,14.95,0.0,-2.0,12.95,,Strategy 0.18430,832,0.18430,OOS,listOfTrades_USDJPY_37_0.18430_BUY_M15.csv,C:\Users\Leon\Desktop\Business_Code\Quant_Structure\FTMO\Data_Center\Data\Trades\Raw\Backtest\LIVE_ACCOUNT\USDJPY\listOfTrades_USDJPY_37_0.18430_BUY_M15.csv,LIVE_ACCOUNT,USDJPY,LIVE_ACCOUNT
834,USDJPY,BUY,2024-11-01 17:00:00+00:00,2024-11-01 23:45:00+00:00,152.397,152.99,0.5930000000000177,0.4,0.4,153.04,0.0,-2.0,151.04,,Strategy 0.18430,834,0.18430,OOS,listOfTrades_USDJPY_37_0.18430_BUY_M15.csv,C:\Users\Leon\Desktop\Business_Code\Quant_Structure\FTMO\Data_Center\Data\Trades\Raw\Backtest\LIVE_ACCOUNT\USDJPY\listOfTrades_USDJPY_37_0.18430_BUY_M15.csv,LIVE_ACCOUNT,USDJPY,LIVE_ACCOUNT
836,USDJPY,BUY,2024-11-04 11:00:00+00:00,2024-11-04 13:09:40+00:00,152.096,151.696,-0.4000000000000057,0.4,0.4,-107.47,0.0,-2.0,-109.47,,[sl 151.696],836,0.18430,OOS,listOfTrades_USDJPY_37_0.18430_BUY_M15.csv,C:\Users\Leon\Desktop\Business_Code\Quant_Structure\FTMO\Data_Center\Data\Trades\Raw\Backtest\LIVE_ACCOUNT\USDJPY\listOfTrades_USDJPY_37_0.18430_BUY_M15.csv,LIVE_ACCOUNT,USDJPY,LIVE_ACCOUNT
838,USDJPY,BUY,2024-11-05 07:15:00+00:00,2024-11-05 11:36:40+00:00,152.51,152.11,-0.39999999999997726,0.4,0.4,-107.19,0.0,-2.0,-109.19,,[sl 152.110],838,0.18430,OOS,listOfTrades_USDJPY_37_0.18430_BUY_M15.csv,C:\Users\Leon\Desktop\Business_Code\Quant_Structure\FTMO\Data_Center\Data\Trades\Raw\Backtest\LIVE_ACCOUNT\USDJPY\listOfTrades_USDJPY_37_0.18430_BUY_M15.csv,LIVE_ACCOUNT,USDJPY,LIVE_ACCOUNT
840,USDJPY,BUY,2024-11-11 10:00:00+00:00,2024-11-11 23:45:00+00:00,153.643,153.693,0.05000000000001137,0.4,0.4,11.01,0.0,-2.0,9.01,,Strategy 0.18430,840,0.18430,OOS,listOfTrades_USDJPY_37_0.18430_BUY_M15.csv,C:\Users\Leon\Desktop\Business_Code\Quant_Structure\FTMO\Data_Center\Data\Trades\Raw\Backtest\LIVE_ACCOUNT\USDJPY\listOfTrades_USDJPY_37_0.18430_BUY_M15.csv,LIVE_ACCOUNT,USDJPY,LIVE_ACCOUNT
842,USDJPY,BUY,2024-11-12 11:45:00+00:00,2024-11-12 23:45:00+00:00,154.143,154.629,0.48599999999999,0.4,0.4,123.72,0.0,-2.0,121.72,,Strategy 0.18430,842,0.18430,OOS,listOfTrades_USDJPY_37_0.18430_BUY_M15.csv,C:\Users\Leon\Desktop\Business_Code\Quant_Structure\FTMO\Data_Center\Data\Trades\Raw\Backtest\LIVE_ACCOUNT\USDJPY\listOfTrades_USDJPY_37_0.18430_BUY_M15.csv,LIVE_ACCOUNT,USDJPY,LIVE_ACCOUNT
844,USDJPY,BUY,2024-11-18 14:30:00+00:00,2024-11-18 16:40:40+00:00,155.171,154.771,-0.4000000000000057,0.4,0.4,-105.38,0.0,-2.0,-107.38,,[sl 154.771],844,0.18430,OOS,listOfTrades_USDJPY_37_0.18430_BUY_M15.csv,C:\Users\Leon\Desktop\Business_Code\Quant_Structure\FTMO\Data_Center\Data\Trades\Raw\Backtest\LIVE_ACCOUNT\USDJPY\listOfTrades_USDJPY_37_0.18430_BUY_M15.csv,LIVE_ACCOUNT,USDJPY,LIVE_ACCOUNT
846,USDJPY,BUY,2024-11-20 08:00:00+00:00,2024-11-20 23:45:00+00:00,155.198,155.402,0.2039999999999793,0.4,0.4,50.51,0.0,-2.0,48.51,,Strategy 0.18430,846,0.18430,OOS,listOfTrades_USDJPY_37_0.18430_BUY_M15.csv,C:\Users\Leon\Desktop\Business_Code\Quant_Structure\FTMO\Data_Center\Data\Trades\Raw\Backtest\LIVE_ACCOUNT\USDJPY\listOfTrades_USDJPY_37_0.18430_BUY_M15.csv,LIVE_ACCOUNT,USDJPY,LIVE_ACCOUNT
848,USDJPY,BUY,2024-11-21 07:15:00+00:00,2024-11-21 08:12:40+00:00,155.139,154.739,-0.4000000000000057,0.4,0.4,-105.4,0.0,-2.0,-107.4,,[sl 154.739],848,0.18430,OOS,listOfTrades_USDJPY_37_0.18430_BUY_M15.csv,C:\Users\Leon\Desktop\Business_Code\Quant_Structure\FTMO\Data_Center\Data\Trades\Raw\Backtest\LIVE_ACCOUNT\USDJPY\listOfTrades_USDJPY_37_0.18430_BUY_M15.csv,LIVE_ACCOUNT,USDJPY,LIVE_ACCOUNT
850,USDJPY,BUY,2024-11-22 11:00:00+00:00,2024-11-22 23:45:00+00:00,154.518,154.831,0.3129999999999882,0.4,0.4,78.86,0.0,-2.0,76.86,,Strategy 0.18430,850,0.18430,OOS,listOfTrades_USDJPY_37_0.18430_BUY_M15.csv,C:\Users\Leon\Desktop\Business_Code\Quant_Structure\FTMO\Data_Center\Data\Trades\Raw\Backtest\LIVE_ACCOUNT\USDJPY\listOfTrades_USDJPY_37_0.18430_BUY_M15.csv,LIVE_ACCOUNT,USDJPY,LIVE_ACCOUNT
852,USDJPY,BUY,2024-11-25 07:15:00+00:00,2024-11-25 15:14:40+00:00,154.281,153.881,-0.4000000000000057,0.4,0.4,-105.98,0.0,-2.0,-107.98,,[sl 153.881],852,0.18430,OOS,listOfTrades_USDJPY_37_0.18430_BUY_M15.csv,C:\Users\Leon\Desktop\Business_Code\Quant_Structure\FTMO\Data_Center\Data\Trades\Raw\Backtest\LIVE_ACCOUNT\USDJPY\listOfTrades_USDJPY_37_0.18430_BUY_M15.csv,LIVE_ACCOUNT,USDJPY,LIVE_ACCOUNT
854,USDJPY,BUY,2024-11-28 10:00:00+00:00,2024-11-28 23:45:00+00:00,151.76,151.502,-0.25799999999998136,0.4,0.4,-70.12,0.0,-2.0,-72.12,,Strategy 0.18430,854,0.18430,OOS,listOfTrades_USDJPY_37_0.18430_BUY_M15.csv,C:\Users\Leon\Desktop\Business_Code\Quant_Structure\FTMO\Data_Center\Data\Trades\Raw\Backtest\LIVE_ACCOUNT\USDJPY\listOfTrades_USDJPY_37_0.18430_BUY_M15.csv,LIVE_ACCOUNT,USDJPY,LIVE_ACCOUNT
856,USDJPY,BUY,2024-12-04 08:00:00+00:00,2024-12-04 13:12:40+00:00,150.102,150.902,0.799999999999983,0.4,0.4,210.06,0.0,-2.0,208.06,,[tp 150.902],856,0.18430,OOS,listOfTrades_USDJPY_37_0.18430_BUY_M15.csv,C:\Users\Leon\Desktop\Business_Code\Quant_Structure\FTMO\Data_Center\Data\Trades\Raw\Backtest\LIVE_ACCOUNT\USDJPY\listOfTrades_USDJPY_37_0.18430_BUY_M15.csv,LIVE_ACCOUNT,USDJPY,LIVE_ACCOUNT
858,USDJPY,BUY,2024-12-06 10:15:00+00:00,2024-12-06 15:52:40+00:00,150.284,149.884,-0.4000000000000057,0.4,0.4,-108.75,0.0,-2.0,-110.75,,[sl 149.884],858,0.18430,OOS,listOfTrades_USDJPY_37_0.18430_BUY_M15.csv,C:\Users\Leon\Desktop\Business_Code\Quant_Structure\FTMO\Data_Center\Data\Trades\Raw\Backtest\LIVE_ACCOUNT\USDJPY\listOfTrades_USDJPY_37_0.18430_BUY_M15.csv,LIVE_ACCOUNT,USDJPY,LIVE_ACCOUNT
860,USDJPY,BUY,2024-12-09 08:30:00+00:00,2024-12-09 17:02:40+00:00,150.167,150.967,0.8000000000000114,0.4,0.4,209.97,0.0,-2.0,207.97,,[tp 150.967],860,0.18430,OOS,listOfTrades_USDJPY_37_0.18430_BUY_M15.csv,C:\Users\Leon\Desktop\Business_Code\Quant_Structure\FTMO\Data_Center\Data\Trades\Raw\Backtest\LIVE_ACCOUNT\USDJPY\listOfTrades_USDJPY_37_0.18430_BUY_M15.csv,LIVE_ACCOUNT,USDJPY,LIVE_ACCOUNT
862,USDJPY,BUY,2024-12-12 07:45:00+00:00,2024-12-12 15:30:40+00:00,152.489,152.089,-0.4000000000000057,0.4,0.4,-107.2,0.0,-2.0,-109.2,,[sl 152.089],862,0.18430,OOS,listOfTrades_USDJPY_37_0.18430_BUY_M15.csv,C:\Users\Leon\Desktop\Business_Code\Quant_Structure\FTMO\Data_Center\Data\Trades\Raw\Backtest\LIVE_ACCOUNT\USDJPY\listOfTrades_USDJPY_37_0.18430_BUY_M15.csv,LIVE_ACCOUNT,USDJPY,LIVE_ACCOUNT
864,USDJPY,BUY,2024-12-13 10:45:00+00:00,2024-12-13 23:45:00+00:00,153.164,153.606,0.4420000000000073,0.4,0.4,113.1,0.0,-2.0,111.1,,Strategy 0.18430,864,0.18430,OOS,listOfTrades_USDJPY_37_0.18430_BUY_M15.csv,C:\Users\Leon\Desktop\Business_Code\Quant_Structure\FTMO\Data_Center\Data\Trades\Raw\Backtest\LIVE_ACCOUNT\USDJPY\listOfTrades_USDJPY_37_0.18430_BUY_M15.csv,LIVE_ACCOUNT,USDJPY,LIVE_ACCOUNT
866,USDJPY,BUY,2024-12-16 14:45:00+00:00,2024-12-16 23:45:00+00:00,154.084,154.192,0.10800000000000409,0.4,0.4,26.02,0.0,-2.0,24.02,,Strategy 0.18430,866,0.18430,OOS,listOfTrades_USDJPY_37_0.18430_BUY_M15.csv,C:\Users\Leon\Desktop\Business_Code\Quant_Structure\FTMO\Data_Center\Data\Trades\Raw\Backtest\LIVE_ACCOUNT\USDJPY\listOfTrades_USDJPY_37_0.18430_BUY_M15.csv,LIVE_ACCOUNT,USDJPY,LIVE_ACCOUNT
868,USDJPY,BUY,2024-12-18 15:00:00+00:00,2024-12-18 21:58:40+00:00,153.832,154.632,0.8000000000000114,0.4,0.4,204.94,0.0,-2.0,202.94,,[tp 154.632],868,0.18430,OOS,listOfTrades_USDJPY_37_0.18430_BUY_M15.csv,C:\Users\Leon\Desktop\Business_Code\Quant_Structure\FTMO\Data_Center\Data\Trades\Raw\Backtest\LIVE_ACCOUNT\USDJPY\listOfTrades_USDJPY_37_0.18430_BUY_M15.csv,LIVE_ACCOUNT,USDJPY,LIVE_ACCOUNT
870,USDJPY,BUY,2024-12-23 09:15:00+00:00,2024-12-23 23:45:00+00:00,156.773,157.15,0.37700000000000955,0.4,0.4,93.96,0.0,-2.0,91.96,,Strategy 0.18430,870,0.18430,OOS,listOfTrades_USDJPY_37_0.18430_BUY_M15.csv,C:\Users\Leon\Desktop\Business_Code\Quant_Structure\FTMO\Data_Center\Data\Trades\Raw\Backtest\LIVE_ACCOUNT\USDJPY\listOfTrades_USDJPY_37_0.18430_BUY_M15.csv,LIVE_ACCOUNT,USDJPY,LIVE_ACCOUNT
872,USDJPY,BUY,2024-12-24 21:00:00+00:00,2024-12-24 23:45:00+00:00,157.353,157.156,-0.19700000000000273,0.4,0.4,-52.14,0.0,-2.0,-54.14,,Strategy 0.18430,872,0.18430,OOS,listOfTrades_USDJPY_37_0.18430_BUY_M15.csv,C:\Users\Leon\Desktop\Business_Code\Quant_Structure\FTMO\Data_Center\Data\Trades\Raw\Backtest\LIVE_ACCOUNT\USDJPY\listOfTrades_USDJPY_37_0.18430_BUY_M15.csv,LIVE_ACCOUNT,USDJPY,LIVE_ACCOUNT
874,USDJPY,BUY,2024-12-26 13:15:00+00:00,2024-12-26 23:45:00+00:00,157.526,157.996,0.46999999999999886,0.4,0.4,116.99,0.0,-2.0,114.99,,Strategy 0.18430,874,0.18430,OOS,listOfTrades_USDJPY_37_0.18430_BUY_M15.csv,C:\Users\Leon\Desktop\Business_Code\Quant_Structure\FTMO\Data_Center\Data\Trades\Raw\Backtest\LIVE_ACCOUNT\USDJPY\listOfTrades_USDJPY_37_0.18430_BUY_M15.csv,LIVE_ACCOUNT,USDJPY,LIVE_ACCOUNT
876,USDJPY,BUY,2024-12-30 08:15:00+00:00,2024-12-30 13:20:40+00:00,158.035,157.635,-0.4000000000000057,0.4,0.4,-103.5,0.0,-2.0,-105.5,,[sl 157.635],876,0.18430,OOS,listOfTrades_USDJPY_37_0.18430_BUY_M15.csv,C:\Users\Leon\Desktop\Business_Code\Quant_Structure\FTMO\Data_Center\Data\Trades\Raw\Backtest\LIVE_ACCOUNT\USDJPY\listOfTrades_USDJPY_37_0.18430_BUY_M15.csv,LIVE_ACCOUNT,USDJPY,LIVE_ACCOUNT
878,USDJPY,BUY,2025-01-02 19:30:00+00:00,2025-01-02 23:45:00+00:00,157.775,157.511,-0.26400000000001,0.4,0.4,-69.04,0.0,-2.0,-71.04,,Strategy 0.18430,878,0.18430,OOS,listOfTrades_USDJPY_37_0.18430_BUY_M15.csv,C:\Users\Leon\Desktop\Business_Code\Quant_Structure\FTMO\Data_Center\Data\Trades\Raw\Backtest\LIVE_ACCOUNT\USDJPY\listOfTrades_USDJPY_37_0.18430_BUY_M15.csv,LIVE_ACCOUNT,USDJPY,LIVE_ACCOUNT
880,USDJPY,BUY,2025-01-06 12:30:00+00:00,2025-01-06 13:16:20+00:00,157.866,157.466,-0.4000000000000057,0.4,0.4,-103.61,0.0,-2.0,-105.61,,[sl 157.466],880,0.18430,OOS,listOfTrades_USDJPY_37_0.18430_BUY_M15.csv,C:\Users\Leon\Desktop\Business_Code\Quant_Structure\FTMO\Data_Center\Data\Trades\Raw\Backtest\LIVE_ACCOUNT\USDJPY\listOfTrades_USDJPY_37_0.18430_BUY_M15.csv,LIVE_ACCOUNT,USDJPY,LIVE_ACCOUNT
882,USDJPY,BUY,2025-01-08 11:00:00+00:00,2025-01-08 23:45:00+00:00,158.252,158.345,0.09299999999998931,0.4,0.4,21.49,0.0,-2.0,19.49,,Strategy 0.18430,882,0.18430,OOS,listOfTrades_USDJPY_37_0.18430_BUY_M15.csv,C:\Users\Leon\Desktop\Business_Code\Quant_Structure\FTMO\Data_Center\Data\Trades\Raw\Backtest\LIVE_ACCOUNT\USDJPY\listOfTrades_USDJPY_37_0.18430_BUY_M15.csv,LIVE_ACCOUNT,USDJPY,LIVE_ACCOUNT
884,USDJPY,BUY,2025-01-10 09:30:00+00:00,2025-01-10 10:36:40+00:00,158.38,157.98,-0.4000000000000057,0.4,0.4,-103.28,0.0,-2.0,-105.28,,[sl 157.980],884,0.18430,OOS,listOfTrades_USDJPY_37_0.18430_BUY_M15.csv,C:\Users\Leon\Desktop\Business_Code\Quant_Structure\FTMO\Data_Center\Data\Trades\Raw\Backtest\LIVE_ACCOUNT\USDJPY\listOfTrades_USDJPY_37_0.18430_BUY_M15.csv,LIVE_ACCOUNT,USDJPY,LIVE_ACCOUNT
886,USDJPY,BUY,2025-01-14 14:15:00+00:00,2025-01-14 15:01:40+00:00,158.096,157.696,-0.4000000000000057,0.4,0.4,-103.46,0.0,-2.0,-105.46,,[sl 157.696],886,0.18430,OOS,listOfTrades_USDJPY_37_0.18430_BUY_M15.csv,C:\Users\Leon\Desktop\Business_Code\Quant_Structure\FTMO\Data_Center\Data\Trades\Raw\Backtest\LIVE_ACCOUNT\USDJPY\listOfTrades_USDJPY_37_0.18430_BUY_M15.csv,LIVE_ACCOUNT,USDJPY,LIVE_ACCOUNT
888,USDJPY,BUY,2025-01-17 10:30:00+00:00,2025-01-17 23:45:00+00:00,155.577,156.177,0.5999999999999943,0.4,0.4,151.67,0.0,-2.0,149.67,,Strategy 0.18430,888,0.18430,OOS,listOfTrades_USDJPY_37_0.18430_BUY_M15.csv,C:\Users\Leon\Desktop\Business_Code\Quant_Structure\FTMO\Data_Center\Data\Trades\Raw\Backtest\LIVE_ACCOUNT\USDJPY\listOfTrades_USDJPY_37_0.18430_BUY_M15.csv,LIVE_ACCOUNT,USDJPY,LIVE_ACCOUNT
890,USDJPY,BUY,2025-01-20 08:45:00+00:00,2025-01-20 15:47:40+00:00,156.184,155.784,-0.4000000000000057,0.4,0.4,-104.71,0.0,-2.0,-106.71,,[sl 155.784],890,0.18430,OOS,listOfTrades_USDJPY_37_0.18430_BUY_M15.csv,C:\Users\Leon\Desktop\Business_Code\Quant_Structure\FTMO\Data_Center\Data\Trades\Raw\Backtest\LIVE_ACCOUNT\USDJPY\listOfTrades_USDJPY_37_0.18430_BUY_M15.csv,LIVE_ACCOUNT,USDJPY,LIVE_ACCOUNT
892,USDJPY,BUY,2025-01-22 10:00:00+00:00,2025-01-22 10:33:40+00:00,156.053,155.653,-0.4000000000000057,0.4,0.4,-104.79,0.0,-2.0,-106.79,,[sl 155.653],892,0.18430,OOS,listOfTrades_USDJPY_37_0.18430_BUY_M15.csv,C:\Users\Leon\Desktop\Business_Code\Quant_Structure\FTMO\Data_Center\Data\Trades\Raw\Backtest\LIVE_ACCOUNT\USDJPY\listOfTrades_USDJPY_37_0.18430_BUY_M15.csv,LIVE_ACCOUNT,USDJPY,LIVE_ACCOUNT
894,USDJPY,BUY,2025-01-23 07:15:00+00:00,2025-01-23 12:05:40+00:00,156.663,156.263,-0.4000000000000057,0.4,0.4,-104.39,0.0,-2.0,-106.39,,[sl 156.263],894,0.18430,OOS,listOfTrades_USDJPY_37_0.18430_BUY_M15.csv,C:\Users\Leon\Desktop\Business_Code\Quant_Structure\FTMO\Data_Center\Data\Trades\Raw\Backtest\LIVE_ACCOUNT\USDJPY\listOfTrades_USDJPY_37_0.18430_BUY_M15.csv,LIVE_ACCOUNT,USDJPY,LIVE_ACCOUNT
896,USDJPY,BUY,2025-01-31 07:00:00+00:00,2025-01-31 23:45:00+00:00,154.45,155.154,0.7040000000000077,0.4,0.4,179.5,0.0,-2.0,177.5,,Strategy 0.18430,896,0.18430,OOS,listOfTrades_USDJPY_37_0.18430_BUY_M15.csv,C:\Users\Leon\Desktop\Business_Code\Quant_Structure\FTMO\Data_Center\Data\Trades\Raw\Backtest\LIVE_ACCOUNT\USDJPY\listOfTrades_USDJPY_37_0.18430_BUY_M15.csv,LIVE_ACCOUNT,USDJPY,LIVE_ACCOUNT
898,USDJPY,BUY,2025-02-04 10:15:00+00:00,2025-02-04 11:35:20+00:00,155.475,155.075,-0.4000000000000057,0.4,0.4,-105.18,0.0,-2.0,-107.18,,[sl 155.075],898,0.18430,OOS,listOfTrades_USDJPY_37_0.18430_BUY_M15.csv,C:\Users\Leon\Desktop\Business_Code\Quant_Structure\FTMO\Data_Center\Data\Trades\Raw\Backtest\LIVE_ACCOUNT\USDJPY\listOfTrades_USDJPY_37_0.18430_BUY_M15.csv,LIVE_ACCOUNT,USDJPY,LIVE_ACCOUNT
900,USDJPY,BUY,2025-02-10 10:15:00+00:00,2025-02-10 15:30:40+00:00,152.315,151.915,-0.4000000000000057,0.4,0.4,-107.32,0.0,-2.0,-109.32,,[sl 151.915],900,0.18430,OOS,listOfTrades_USDJPY_37_0.18430_BUY_M15.csv,C:\Users\Leon\Desktop\Business_Code\Quant_Structure\FTMO\Data_Center\Data\Trades\Raw\Backtest\LIVE_ACCOUNT\USDJPY\listOfTrades_USDJPY_37_0.18430_BUY_M15.csv,LIVE_ACCOUNT,USDJPY,LIVE_ACCOUNT
902,USDJPY,BUY,2025-02-11 12:30:00+00:00,2025-02-11 23:45:00+00:00,152.097,152.453,0.35599999999999454,0.4,0.4,91.41,0.0,-2.0,89.41,,Strategy 0.18430,902,0.18430,OOS,listOfTrades_USDJPY_37_0.18430_BUY_M15.csv,C:\Users\Leon\Desktop\Business_Code\Quant_Structure\FTMO\Data_Center\Data\Trades\Raw\Backtest\LIVE_ACCOUNT\USDJPY\listOfTrades_USDJPY_37_0.18430_BUY_M15.csv,LIVE_ACCOUNT,USDJPY,LIVE_ACCOUNT
904,USDJPY,BUY,2025-02-24 11:30:00+00:00,2025-02-24 23:45:00+00:00,149.571,149.742,0.17099999999999227,0.4,0.4,43.68,0.0,-2.0,41.68,,Strategy 0.18430,904,0.18430,OOS,listOfTrades_USDJPY_37_0.18430_BUY_M15.csv,C:\Users\Leon\Desktop\Business_Code\Quant_Structure\FTMO\Data_Center\Data\Trades\Raw\Backtest\LIVE_ACCOUNT\USDJPY\listOfTrades_USDJPY_37_0.18430_BUY_M15.csv,LIVE_ACCOUNT,USDJPY,LIVE_ACCOUNT
906,USDJPY,BUY,2025-02-26 07:15:00+00:00,2025-02-26 18:58:40+00:00,149.594,149.194,-0.4000000000000057,0.4,0.4,-109.24,0.0,-2.0,-111.24,,[sl 149.194],906,0.18430,OOS,listOfTrades_USDJPY_37_0.18430_BUY_M15.csv,C:\Users\Leon\Desktop\Business_Code\Quant_Structure\FTMO\Data_Center\Data\Trades\Raw\Backtest\LIVE_ACCOUNT\USDJPY\listOfTrades_USDJPY_37_0.18430_BUY_M15.csv,LIVE_ACCOUNT,USDJPY,LIVE_ACCOUNT
908,USDJPY,BUY,2025-02-27 08:30:00+00:00,2025-02-27 23:45:00+00:00,149.416,149.806,0.3900000000000148,0.4,0.4,102.13,0.0,-2.0,100.13,,Strategy 0.18430,908,0.18430,OOS,listOfTrades_USDJPY_37_0.18430_BUY_M15.csv,C:\Users\Leon\Desktop\Business_Code\Quant_Structure\FTMO\Data_Center\Data\Trades\Raw\Backtest\LIVE_ACCOUNT\USDJPY\listOfTrades_USDJPY_37_0.18430_BUY_M15.csv,LIVE_ACCOUNT,USDJPY,LIVE_ACCOUNT
910,USDJPY,BUY,2025-02-28 07:15:00+00:00,2025-02-28 09:54:40+00:00,149.742,150.542,0.8000000000000114,0.4,0.4,210.57,0.0,-2.0,208.57,,[tp 150.542],910,0.18430,OOS,listOfTrades_USDJPY_37_0.18430_BUY_M15.csv,C:\Users\Leon\Desktop\Business_Code\Quant_Structure\FTMO\Data_Center\Data\Trades\Raw\Backtest\LIVE_ACCOUNT\USDJPY\listOfTrades_USDJPY_37_0.18430_BUY_M15.csv,LIVE_ACCOUNT,USDJPY,LIVE_ACCOUNT
912,USDJPY,BUY,2025-03-03 12:45:00+00:00,2025-03-03 17:00:40+00:00,150.855,150.455,-0.39999999999997726,0.4,0.4,-108.34,0.0,-2.0,-110.34,,[sl 150.455],912,0.18430,OOS,listOfTrades_USDJPY_37_0.18430_BUY_M15.csv,C:\Users\Leon\Desktop\Business_Code\Quant_Structure\FTMO\Data_Center\Data\Trades\Raw\Backtest\LIVE_ACCOUNT\USDJPY\listOfTrades_USDJPY_37_0.18430_BUY_M15.csv,LIVE_ACCOUNT,USDJPY,LIVE_ACCOUNT
914,USDJPY,BUY,2025-03-10 08:15:00+00:00,2025-03-10 11:17:40+00:00,147.721,147.321,-0.4000000000000057,0.4,0.4,-110.61,0.0,-2.0,-112.61,,[sl 147.321],914,0.18430,OOS,listOfTrades_USDJPY_37_0.18430_BUY_M15.csv,C:\Users\Leon\Desktop\Business_Code\Quant_Structure\FTMO\Data_Center\Data\Trades\Raw\Backtest\LIVE_ACCOUNT\USDJPY\listOfTrades_USDJPY_37_0.18430_BUY_M15.csv,LIVE_ACCOUNT,USDJPY,LIVE_ACCOUNT
916,USDJPY,BUY,2025-03-11 21:15:00+00:00,2025-03-11 23:45:00+00:00,147.543,147.818,0.2750000000000057,0.4,0.4,72.42,0.0,-2.0,70.42,,Strategy 0.18430,916,0.18430,OOS,listOfTrades_USDJPY_37_0.18430_BUY_M15.csv,C:\Users\Leon\Desktop\Business_Code\Quant_Structure\FTMO\Data_Center\Data\Trades\Raw\Backtest\LIVE_ACCOUNT\USDJPY\listOfTrades_USDJPY_37_0.18430_BUY_M15.csv,LIVE_ACCOUNT,USDJPY,LIVE_ACCOUNT
918,USDJPY,BUY,2025-03-12 07:30:00+00:00,2025-03-12 15:54:40+00:00,148.239,149.039,0.799999999999983,0.4,0.4,212.71,0.0,-2.0,210.71,,[tp 149.039],918,0.18430,OOS,listOfTrades_USDJPY_37_0.18430_BUY_M15.csv,C:\Users\Leon\Desktop\Business_Code\Quant_Structure\FTMO\Data_Center\Data\Trades\Raw\Backtest\LIVE_ACCOUNT\USDJPY\listOfTrades_USDJPY_37_0.18430_BUY_M15.csv,LIVE_ACCOUNT,USDJPY,LIVE_ACCOUNT
920,USDJPY,BUY,2025-03-14 07:30:00+00:00,2025-03-14 23:45:00+00:00,148.444,148.584,0.14000000000001478,0.4,0.4,35.69,0.0,-2.0,33.69,,Strategy 0.18430,920,0.18430,OOS,listOfTrades_USDJPY_37_0.18430_BUY_M15.csv,C:\Users\Leon\Desktop\Business_Code\Quant_Structure\FTMO\Data_Center\Data\Trades\Raw\Backtest\LIVE_ACCOUNT\USDJPY\listOfTrades_USDJPY_37_0.18430_BUY_M15.csv,LIVE_ACCOUNT,USDJPY,LIVE_ACCOUNT
922,USDJPY,BUY,2025-03-17 07:15:00+00:00,2025-03-17 13:26:20+00:00,148.927,148.527,-0.4000000000000057,0.4,0.4,-109.72,0.0,-2.0,-111.72,,[sl 148.527],922,0.18430,OOS,listOfTrades_USDJPY_37_0.18430_BUY_M15.csv,C:\Users\Leon\Desktop\Business_Code\Quant_Structure\FTMO\Data_Center\Data\Trades\Raw\Backtest\LIVE_ACCOUNT\USDJPY\listOfTrades_USDJPY_37_0.18430_BUY_M15.csv,LIVE_ACCOUNT,USDJPY,LIVE_ACCOUNT
924,USDJPY,BUY,2025-03-19 08:45:00+00:00,2025-03-19 10:38:40+00:00,149.697,149.297,-0.4000000000000057,0.4,0.4,-109.17,0.0,-2.0,-111.17,,[sl 149.297],924,0.18430,OOS,listOfTrades_USDJPY_37_0.18430_BUY_M15.csv,C:\Users\Leon\Desktop\Business_Code\Quant_Structure\FTMO\Data_Center\Data\Trades\Raw\Backtest\LIVE_ACCOUNT\USDJPY\listOfTrades_USDJPY_37_0.18430_BUY_M15.csv,LIVE_ACCOUNT,USDJPY,LIVE_ACCOUNT
926,USDJPY,BUY,2025-03-21 07:00:00+00:00,2025-03-21 15:09:40+00:00,149.215,148.815,-0.4000000000000057,0.4,0.4,-109.52,0.0,-2.0,-111.52,,[sl 148.815],926,0.18430,OOS,listOfTrades_USDJPY_37_0.18430_BUY_M15.csv,C:\Users\Leon\Desktop\Business_Code\Quant_Structure\FTMO\Data_Center\Data\Trades\Raw\Backtest\LIVE_ACCOUNT\USDJPY\listOfTrades_USDJPY_37_0.18430_BUY_M15.csv,LIVE_ACCOUNT,USDJPY,LIVE_ACCOUNT
928,USDJPY,BUY,2025-03-24 17:00:00+00:00,2025-03-24 23:45:00+00:00,150.247,150.691,0.4439999999999884,0.4,0.4,115.86,0.0,-2.0,113.86,,Strategy 0.18430,928,0.18430,OOS,listOfTrades_USDJPY_37_0.18430_BUY_M15.csv,C:\Users\Leon\Desktop\Business_Code\Quant_Structure\FTMO\Data_Center\Data\Trades\Raw\Backtest\LIVE_ACCOUNT\USDJPY\listOfTrades_USDJPY_37_0.18430_BUY_M15.csv,LIVE_ACCOUNT,USDJPY,LIVE_ACCOUNT
930,USDJPY,BUY,2025-03-26 16:00:00+00:00,2025-03-26 23:45:00+00:00,150.397,150.529,0.132000000000005,0.4,0.4,33.08,0.0,-2.0,31.08,,Strategy 0.18430,930,0.18430,OOS,listOfTrades_USDJPY_37_0.18430_BUY_M15.csv,C:\Users\Leon\Desktop\Business_Code\Quant_Structure\FTMO\Data_Center\Data\Trades\Raw\Backtest\LIVE_ACCOUNT\USDJPY\listOfTrades_USDJPY_37_0.18430_BUY_M15.csv,LIVE_ACCOUNT,USDJPY,LIVE_ACCOUNT
932,USDJPY,BUY,2025-03-27 12:00:00+00:00,2025-03-27 23:45:00+00:00,150.631,151.041,0.4099999999999966,0.4,0.4,106.58,0.0,-2.0,104.58,,Strategy 0.18430,932,0.18430,OOS,listOfTrades_USDJPY_37_0.18430_BUY_M15.csv,C:\Users\Leon\Desktop\Business_Code\Quant_Structure\FTMO\Data_Center\Data\Trades\Raw\Backtest\LIVE_ACCOUNT\USDJPY\listOfTrades_USDJPY_37_0.18430_BUY_M15.csv,LIVE_ACCOUNT,USDJPY,LIVE_ACCOUNT
934,USDJPY,BUY,2025-04-02 09:30:00+00:00,2025-04-02 11:07:40+00:00,149.975,149.575,-0.4000000000000057,0.4,0.4,-108.97,0.0,-2.0,-110.97,,[sl 149.575],934,0.18430,OOS,listOfTrades_USDJPY_37_0.18430_BUY_M15.csv,C:\Users\Leon\Desktop\Business_Code\Quant_Structure\FTMO\Data_Center\Data\Trades\Raw\Backtest\LIVE_ACCOUNT\USDJPY\listOfTrades_USDJPY_37_0.18430_BUY_M15.csv,LIVE_ACCOUNT,USDJPY,LIVE_ACCOUNT
936,USDJPY,BUY,2025-04-07 15:30:00+00:00,2025-04-07 16:18:40+00:00,146.953,146.553,-0.4000000000000057,0.4,0.4,-111.18,0.0,-2.0,-113.18,,[sl 146.553],936,0.18430,OOS,listOfTrades_USDJPY_37_0.18430_BUY_M15.csv,C:\Users\Leon\Desktop\Business_Code\Quant_Structure\FTMO\Data_Center\Data\Trades\Raw\Backtest\LIVE_ACCOUNT\USDJPY\listOfTrades_USDJPY_37_0.18430_BUY_M15.csv,LIVE_ACCOUNT,USDJPY,LIVE_ACCOUNT
938,USDJPY,BUY,2025-04-14 16:15:00+00:00,2025-04-14 17:23:40+00:00,143.841,143.441,-0.4000000000000057,0.4,0.4,-113.54,0.0,-2.0,-115.54,,[sl 143.441],938,0.18430,OOS,listOfTrades_USDJPY_37_0.18430_BUY_M15.csv,C:\Users\Leon\Desktop\Business_Code\Quant_Structure\FTMO\Data_Center\Data\Trades\Raw\Backtest\LIVE_ACCOUNT\USDJPY\listOfTrades_USDJPY_37_0.18430_BUY_M15.csv,LIVE_ACCOUNT,USDJPY,LIVE_ACCOUNT
940,USDJPY,BUY,2025-04-17 11:00:00+00:00,2025-04-17 13:45:40+00:00,142.899,142.499,-0.4000000000000057,0.4,0.4,-114.28,0.0,-2.0,-116.28,,[sl 142.499],940,0.18430,OOS,listOfTrades_USDJPY_37_0.18430_BUY_M15.csv,C:\Users\Leon\Desktop\Business_Code\Quant_Structure\FTMO\Data_Center\Data\Trades\Raw\Backtest\LIVE_ACCOUNT\USDJPY\listOfTrades_USDJPY_37_0.18430_BUY_M15.csv,LIVE_ACCOUNT,USDJPY,LIVE_ACCOUNT
942,USDJPY,BUY,2025-04-22 19:45:00+00:00,2025-04-22 23:45:00+00:00,141.24,141.594,0.353999999999985,0.4,0.4,98.0,0.0,-2.0,96.0,,Strategy 0.18430,942,0.18430,OOS,listOfTrades_USDJPY_37_0.18430_BUY_M15.csv,C:\Users\Leon\Desktop\Business_Code\Quant_Structure\FTMO\Data_Center\Data\Trades\Raw\Backtest\LIVE_ACCOUNT\USDJPY\listOfTrades_USDJPY_37_0.18430_BUY_M15.csv,LIVE_ACCOUNT,USDJPY,LIVE_ACCOUNT
944,USDJPY,BUY,2025-04-23 19:15:00+00:00,2025-04-23 23:35:20+00:00,142.761,143.561,0.8000000000000114,0.4,0.4,220.9,0.0,-2.0,218.9,,[tp 143.561],944,0.18430,OOS,listOfTrades_USDJPY_37_0.18430_BUY_M15.csv,C:\Users\Leon\Desktop\Business_Code\Quant_Structure\FTMO\Data_Center\Data\Trades\Raw\Backtest\LIVE_ACCOUNT\USDJPY\listOfTrades_USDJPY_37_0.18430_BUY_M15.csv,LIVE_ACCOUNT,USDJPY,LIVE_ACCOUNT
946,USDJPY,BUY,2025-04-29 09:00:00+00:00,2025-04-29 16:39:20+00:00,142.454,142.054,-0.4000000000000057,0.4,0.4,-114.63,0.0,-2.0,-116.63,,[sl 142.054],946,0.18430,OOS,listOfTrades_USDJPY_37_0.18430_BUY_M15.csv,C:\Users\Leon\Desktop\Business_Code\Quant_Structure\FTMO\Data_Center\Data\Trades\Raw\Backtest\LIVE_ACCOUNT\USDJPY\listOfTrades_USDJPY_37_0.18430_BUY_M15.csv,LIVE_ACCOUNT,USDJPY,LIVE_ACCOUNT
948,USDJPY,BUY,2025-04-30 09:15:00+00:00,2025-04-30 23:45:00+00:00,142.657,143.066,0.4089999999999918,0.4,0.4,112.35,0.0,-2.0,110.35,,Strategy 0.18430,948,0.18430,OOS,listOfTrades_USDJPY_37_0.18430_BUY_M15.csv,C:\Users\Leon\Desktop\Business_Code\Quant_Structure\FTMO\Data_Center\Data\Trades\Raw\Backtest\LIVE_ACCOUNT\USDJPY\listOfTrades_USDJPY_37_0.18430_BUY_M15.csv,LIVE_ACCOUNT,USDJPY,LIVE_ACCOUNT
950,USDJPY,BUY,2025-05-07 11:15:00+00:00,2025-05-07 21:08:40+00:00,143.363,142.963,-0.4000000000000057,0.4,0.4,-113.92,0.0,-2.0,-115.92,,[sl 142.963],950,0.18430,OOS,listOfTrades_USDJPY_37_0.18430_BUY_M15.csv,C:\Users\Leon\Desktop\Business_Code\Quant_Structure\FTMO\Data_Center\Data\Trades\Raw\Backtest\LIVE_ACCOUNT\USDJPY\listOfTrades_USDJPY_37_0.18430_BUY_M15.csv,LIVE_ACCOUNT,USDJPY,LIVE_ACCOUNT
952,USDJPY,BUY,2025-05-08 08:15:00+00:00,2025-05-08 11:53:40+00:00,144.038,144.838,0.799999999999983,0.4,0.4,218.94,0.0,-2.0,216.94,,[tp 144.838],952,0.18430,OOS,listOfTrades_USDJPY_37_0.18430_BUY_M15.csv,C:\Users\Leon\Desktop\Business_Code\Quant_Structure\FTMO\Data_Center\Data\Trades\Raw\Backtest\LIVE_ACCOUNT\USDJPY\listOfTrades_USDJPY_37_0.18430_BUY_M15.csv,LIVE_ACCOUNT,USDJPY,LIVE_ACCOUNT
954,USDJPY,BUY,2025-05-12 10:15:00+00:00,2025-05-12 10:43:40+00:00,146.953,147.753,0.799999999999983,0.4,0.4,214.58,0.0,-2.0,212.58,,[tp 147.753],954,0.18430,OOS,listOfTrades_USDJPY_37_0.18430_BUY_M15.csv,C:\Users\Leon\Desktop\Business_Code\Quant_Structure\FTMO\Data_Center\Data\Trades\Raw\Backtest\LIVE_ACCOUNT\USDJPY\listOfTrades_USDJPY_37_0.18430_BUY_M15.csv,LIVE_ACCOUNT,USDJPY,LIVE_ACCOUNT
956,USDJPY,BUY,2025-05-22 17:00:00+00:00,2025-05-22 23:45:00+00:00,143.887,143.967,0.0800000000000125,0.4,0.4,20.23,0.0,-2.0,18.23,,Strategy 0.18430,956,0.18430,OOS,listOfTrades_USDJPY_37_0.18430_BUY_M15.csv,C:\Users\Leon\Desktop\Business_Code\Quant_Structure\FTMO\Data_Center\Data\Trades\Raw\Backtest\LIVE_ACCOUNT\USDJPY\listOfTrades_USDJPY_37_0.18430_BUY_M15.csv,LIVE_ACCOUNT,USDJPY,LIVE_ACCOUNT
958,USDJPY,BUY,2025-05-26 11:00:00+00:00,2025-05-26 23:45:00+00:00,142.9,142.795,-0.10500000000001819,0.4,0.4,-31.41,0.0,-2.0,-33.41,,Strategy 0.18430,958,0.18430,OOS,listOfTrades_USDJPY_37_0.18430_BUY_M15.csv,C:\Users\Leon\Desktop\Business_Code\Quant_Structure\FTMO\Data_Center\Data\Trades\Raw\Backtest\LIVE_ACCOUNT\USDJPY\listOfTrades_USDJPY_37_0.18430_BUY_M15.csv,LIVE_ACCOUNT,USDJPY,LIVE_ACCOUNT
960,USDJPY,BUY,2025-05-27 07:45:00+00:00,2025-05-27 10:01:40+00:00,142.725,143.525,0.8000000000000114,0.4,0.4,220.96,0.0,-2.0,218.96,,[tp 143.525],960,0.18430,OOS,listOfTrades_USDJPY_37_0.18430_BUY_M15.csv,C:\Users\Leon\Desktop\Business_Code\Quant_Structure\FTMO\Data_Center\Data\Trades\Raw\Backtest\LIVE_ACCOUNT\USDJPY\listOfTrades_USDJPY_37_0.18430_BUY_M15.csv,LIVE_ACCOUNT,USDJPY,LIVE_ACCOUNT
962,USDJPY,BUY,2025-05-30 17:45:00+00:00,2025-05-30 20:14:40+00:00,144.228,143.828,-0.4000000000000057,0.4,0.4,-113.24,0.0,-2.0,-115.24,,[sl 143.828],962,0.18430,OOS,listOfTrades_USDJPY_37_0.18430_BUY_M15.csv,C:\Users\Leon\Desktop\Business_Code\Quant_Structure\FTMO\Data_Center\Data\Trades\Raw\Backtest\LIVE_ACCOUNT\USDJPY\listOfTrades_USDJPY_37_0.18430_BUY_M15.csv,LIVE_ACCOUNT,USDJPY,LIVE_ACCOUNT
964,USDJPY,BUY,2025-06-03 15:45:00+00:00,2025-06-03 23:45:00+00:00,143.344,143.959,0.6150000000000091,0.4,0.4,168.88,0.0,-2.0,166.88,,Strategy 0.18430,964,0.18430,OOS,listOfTrades_USDJPY_37_0.18430_BUY_M15.csv,C:\Users\Leon\Desktop\Business_Code\Quant_Structure\FTMO\Data_Center\Data\Trades\Raw\Backtest\LIVE_ACCOUNT\USDJPY\listOfTrades_USDJPY_37_0.18430_BUY_M15.csv,LIVE_ACCOUNT,USDJPY,LIVE_ACCOUNT
966,USDJPY,BUY,2025-06-05 16:00:00+00:00,2025-06-05 16:34:40+00:00,143.371,142.971,-0.4000000000000057,0.4,0.4,-113.91,0.0,-2.0,-115.91,,[sl 142.971],966,0.18430,OOS,listOfTrades_USDJPY_37_0.18430_BUY_M15.csv,C:\Users\Leon\Desktop\Business_Code\Quant_Structure\FTMO\Data_Center\Data\Trades\Raw\Backtest\LIVE_ACCOUNT\USDJPY\listOfTrades_USDJPY_37_0.18430_BUY_M15.csv,LIVE_ACCOUNT,USDJPY,LIVE_ACCOUNT
968,USDJPY,BUY,2025-06-11 09:30:00+00:00,2025-06-11 15:30:40+00:00,145.226,144.826,-0.4000000000000057,0.4,0.4,-112.48,0.0,-2.0,-114.48,,[sl 144.826],968,0.18430,OOS,listOfTrades_USDJPY_37_0.18430_BUY_M15.csv,C:\Users\Leon\Desktop\Business_Code\Quant_Structure\FTMO\Data_Center\Data\Trades\Raw\Backtest\LIVE_ACCOUNT\USDJPY\listOfTrades_USDJPY_37_0.18430_BUY_M15.csv,LIVE_ACCOUNT,USDJPY,LIVE_ACCOUNT
970,USDJPY,BUY,2025-06-17 17:45:00+00:00,2025-06-17 23:45:00+00:00,145.188,145.254,0.0660000000000025,0.4,0.4,16.18,0.0,-2.0,14.18,,Strategy 0.18430,970,0.18430,OOS,listOfTrades_USDJPY_37_0.18430_BUY_M15.csv,C:\Users\Leon\Desktop\Business_Code\Quant_Structure\FTMO\Data_Center\Data\Trades\Raw\Backtest\LIVE_ACCOUNT\USDJPY\listOfTrades_USDJPY_37_0.18430_BUY_M15.csv,LIVE_ACCOUNT,USDJPY,LIVE_ACCOUNT
972,USDJPY,BUY,2025-06-19 09:30:00+00:00,2025-06-19 23:45:00+00:00,145.26,145.445,0.18500000000000227,0.4,0.4,48.88,0.0,-2.0,46.88,,Strategy 0.18430,972,0.18430,OOS,listOfTrades_USDJPY_37_0.18430_BUY_M15.csv,C:\Users\Leon\Desktop\Business_Code\Quant_Structure\FTMO\Data_Center\Data\Trades\Raw\Backtest\LIVE_ACCOUNT\USDJPY\listOfTrades_USDJPY_37_0.18430_BUY_M15.csv,LIVE_ACCOUNT,USDJPY,LIVE_ACCOUNT
974,USDJPY,BUY,2025-06-20 08:30:00+00:00,2025-06-20 23:45:00+00:00,145.458,146.14,0.681999999999988,0.4,0.4,184.67,0.0,-2.0,182.67,,Strategy 0.18430,974,0.18430,OOS,listOfTrades_USDJPY_37_0.18430_BUY_M15.csv,C:\Users\Leon\Desktop\Business_Code\Quant_Structure\FTMO\Data_Center\Data\Trades\Raw\Backtest\LIVE_ACCOUNT\USDJPY\listOfTrades_USDJPY_37_0.18430_BUY_M15.csv,LIVE_ACCOUNT,USDJPY,LIVE_ACCOUNT
976,USDJPY,BUY,2025-06-27 17:45:00+00:00,2025-06-27 23:45:00+00:00,144.867,144.67,-0.19700000000000273,0.4,0.4,-56.47,0.0,-2.0,-58.47,,Strategy 0.18430,976,0.18430,OOS,listOfTrades_USDJPY_37_0.18430_BUY_M15.csv,C:\Users\Leon\Desktop\Business_Code\Quant_Structure\FTMO\Data_Center\Data\Trades\Raw\Backtest\LIVE_ACCOUNT\USDJPY\listOfTrades_USDJPY_37_0.18430_BUY_M15.csv,LIVE_ACCOUNT,USDJPY,LIVE_ACCOUNT
978,USDJPY,BUY,2025-07-01 07:00:00+00:00,2025-07-01 10:13:40+00:00,143.886,143.486,-0.4000000000000057,0.4,0.4,-113.51,0.0,-2.0,-115.51,,[sl 143.486],978,0.18430,OOS,listOfTrades_USDJPY_37_0.18430_BUY_M15.csv,C:\Users\Leon\Desktop\Business_Code\Quant_Structure\FTMO\Data_Center\Data\Trades\Raw\Backtest\LIVE_ACCOUNT\USDJPY\listOfTrades_USDJPY_37_0.18430_BUY_M15.csv,LIVE_ACCOUNT,USDJPY,LIVE_ACCOUNT
980,USDJPY,BUY,2025-07-02 09:00:00+00:00,2025-07-02 23:45:00+00:00,143.753,143.656,-0.09699999999997999,0.4,0.4,-29.01,0.0,-2.0,-31.01,,Strategy 0.18430,980,0.18430,OOS,listOfTrades_USDJPY_37_0.18430_BUY_M15.csv,C:\Users\Leon\Desktop\Business_Code\Quant_Structure\FTMO\Data_Center\Data\Trades\Raw\Backtest\LIVE_ACCOUNT\USDJPY\listOfTrades_USDJPY_37_0.18430_BUY_M15.csv,LIVE_ACCOUNT,USDJPY,LIVE_ACCOUNT
982,USDJPY,BUY,2025-07-03 10:45:00+00:00,2025-07-03 15:30:40+00:00,143.8,144.6,0.799999999999983,0.4,0.4,219.3,0.0,-2.0,217.3,,[tp 144.600],982,0.18430,OOS,listOfTrades_USDJPY_37_0.18430_BUY_M15.csv,C:\Users\Leon\Desktop\Business_Code\Quant_Structure\FTMO\Data_Center\Data\Trades\Raw\Backtest\LIVE_ACCOUNT\USDJPY\listOfTrades_USDJPY_37_0.18430_BUY_M15.csv,LIVE_ACCOUNT,USDJPY,LIVE_ACCOUNT
984,USDJPY,BUY,2025-07-07 07:45:00+00:00,2025-07-07 16:45:40+00:00,144.951,145.751,0.8000000000000114,0.4,0.4,217.55,0.0,-2.0,215.55,,[tp 145.751],984,0.18430,OOS,listOfTrades_USDJPY_37_0.18430_BUY_M15.csv,C:\Users\Leon\Desktop\Business_Code\Quant_Structure\FTMO\Data_Center\Data\Trades\Raw\Backtest\LIVE_ACCOUNT\USDJPY\listOfTrades_USDJPY_37_0.18430_BUY_M15.csv,LIVE_ACCOUNT,USDJPY,LIVE_ACCOUNT
986,USDJPY,BUY,2025-07-10 10:15:00+00:00,2025-07-10 23:45:00+00:00,146.246,146.202,-0.04400000000001114,0.4,0.4,-14.04,0.0,-2.0,-16.04,,Strategy 0.18430,986,0.18430,OOS,listOfTrades_USDJPY_37_0.18430_BUY_M15.csv,C:\Users\Leon\Desktop\Business_Code\Quant_Structure\FTMO\Data_Center\Data\Trades\Raw\Backtest\LIVE_ACCOUNT\USDJPY\listOfTrades_USDJPY_37_0.18430_BUY_M15.csv,LIVE_ACCOUNT,USDJPY,LIVE_ACCOUNT
988,USDJPY,BUY,2025-07-11 07:30:00+00:00,2025-07-11 09:37:40+00:00,147.165,146.765,-0.4000000000000057,0.4,0.4,-111.02,0.0,-2.0,-113.02,,[sl 146.765],988,0.18430,OOS,listOfTrades_USDJPY_37_0.18430_BUY_M15.csv,C:\Users\Leon\Desktop\Business_Code\Quant_Structure\FTMO\Data_Center\Data\Trades\Raw\Backtest\LIVE_ACCOUNT\USDJPY\listOfTrades_USDJPY_37_0.18430_BUY_M15.csv,LIVE_ACCOUNT,USDJPY,LIVE_ACCOUNT
990,USDJPY,BUY,2025-07-14 12:00:00+00:00,2025-07-14 23:45:00+00:00,147.328,147.758,0.4300000000000068,0.4,0.4,114.41,0.0,-2.0,112.41,,Strategy 0.18430,990,0.18430,OOS,listOfTrades_USDJPY_37_0.18430_BUY_M15.csv,C:\Users\Leon\Desktop\Business_Code\Quant_Structure\FTMO\Data_Center\Data\Trades\Raw\Backtest\LIVE_ACCOUNT\USDJPY\listOfTrades_USDJPY_37_0.18430_BUY_M15.csv,LIVE_ACCOUNT,USDJPY,LIVE_ACCOUNT
992,USDJPY,BUY,2025-07-15 14:15:00+00:00,2025-07-15 16:56:40+00:00,147.829,148.629,0.799999999999983,0.4,0.4,213.3,0.0,-2.0,211.3,,[tp 148.629],992,0.18430,OOS,listOfTrades_USDJPY_37_0.18430_BUY_M15.csv,C:\Users\Leon\Desktop\Business_Code\Quant_Structure\FTMO\Data_Center\Data\Trades\Raw\Backtest\LIVE_ACCOUNT\USDJPY\listOfTrades_USDJPY_37_0.18430_BUY_M15.csv,LIVE_ACCOUNT,USDJPY,LIVE_ACCOUNT
994,USDJPY,BUY,2025-07-17 18:15:00+00:00,2025-07-17 23:45:00+00:00,148.526,148.569,0.042999999999977945,0.4,0.4,9.58,0.0,-2.0,7.58,,Strategy 0.18430,994,0.18430,OOS,listOfTrades_USDJPY_37_0.18430_BUY_M15.csv,C:\Users\Leon\Desktop\Business_Code\Quant_Structure\FTMO\Data_Center\Data\Trades\Raw\Backtest\LIVE_ACCOUNT\USDJPY\listOfTrades_USDJPY_37_0.18430_BUY_M15.csv,LIVE_ACCOUNT,USDJPY,LIVE_ACCOUNT
996,USDJPY,BUY,2025-07-18 12:30:00+00:00,2025-07-18 16:20:40+00:00,148.66,148.26,-0.4000000000000057,0.4,0.4,-109.92,0.0,-2.0,-111.92,,[sl 148.260],996,0.18430,OOS,listOfTrades_USDJPY_37_0.18430_BUY_M15.csv,C:\Users\Leon\Desktop\Business_Code\Quant_Structure\FTMO\Data_Center\Data\Trades\Raw\Backtest\LIVE_ACCOUNT\USDJPY\listOfTrades_USDJPY_37_0.18430_BUY_M15.csv,LIVE_ACCOUNT,USDJPY,LIVE_ACCOUNT
998,USDJPY,BUY,2025-07-24 12:00:00+00:00,2025-07-24 23:45:00+00:00,146.551,146.96,0.40900000000002024,0.4,0.4,109.32,0.0,-2.0,107.32,,Strategy 0.18430,998,0.18430,OOS,listOfTrades_USDJPY_37_0.18430_BUY_M15.csv,C:\Users\Leon\Desktop\Business_Code\Quant_Structure\FTMO\Data_Center\Data\Trades\Raw\Backtest\LIVE_ACCOUNT\USDJPY\listOfTrades_USDJPY_37_0.18430_BUY_M15.csv,LIVE_ACCOUNT,USDJPY,LIVE_ACCOUNT
1000,USDJPY,BUY,2025-07-25 11:15:00+00:00,2025-07-25 23:45:00+00:00,147.757,147.649,-0.10800000000000409,0.4,0.4,-31.26,0.0,-2.0,-33.260000000000005,,Strategy 0.18430,1000,0.18430,OOS,listOfTrades_USDJPY_37_0.18430_BUY_M15.csv,C:\Users\Leon\Desktop\Business_Code\Quant_Structure\FTMO\Data_Center\Data\Trades\Raw\Backtest\LIVE_ACCOUNT\USDJPY\listOfTrades_USDJPY_37_0.18430_BUY_M15.csv,LIVE_ACCOUNT,USDJPY,LIVE_ACCOUNT
1002,USDJPY,BUY,2025-07-28 09:30:00+00:00,2025-07-28 23:45:00+00:00,148.138,148.531,0.3930000000000007,0.4,0.4,103.84,0.0,-2.0,101.84,,Strategy 0.18430,1002,0.18430,OOS,listOfTrades_USDJPY_37_0.18430_BUY_M15.csv,C:\Users\Leon\Desktop\Business_Code\Quant_Structure\FTMO\Data_Center\Data\Trades\Raw\Backtest\LIVE_ACCOUNT\USDJPY\listOfTrades_USDJPY_37_0.18430_BUY_M15.csv,LIVE_ACCOUNT,USDJPY,LIVE_ACCOUNT
1004,USDJPY,BUY,2025-07-29 15:00:00+00:00,2025-07-29 23:45:00+00:00,148.724,148.45,-0.2740000000000009,0.4,0.4,-75.83,0.0,-2.0,-77.83,,Strategy 0.18430,1004,0.18430,OOS,listOfTrades_USDJPY_37_0.18430_BUY_M15.csv,C:\Users\Leon\Desktop\Business_Code\Quant_Structure\FTMO\Data_Center\Data\Trades\Raw\Backtest\LIVE_ACCOUNT\USDJPY\listOfTrades_USDJPY_37_0.18430_BUY_M15.csv,LIVE_ACCOUNT,USDJPY,LIVE_ACCOUNT
1006,USDJPY,BUY,2025-07-31 10:45:00+00:00,2025-07-31 16:42:40+00:00,149.661,150.461,0.8000000000000114,0.4,0.4,210.68,0.0,-2.0,208.68,,[tp 150.461],1006,0.18430,OOS,listOfTrades_USDJPY_37_0.18430_BUY_M15.csv,C:\Users\Leon\Desktop\Business_Code\Quant_Structure\FTMO\Data_Center\Data\Trades\Raw\Backtest\LIVE_ACCOUNT\USDJPY\listOfTrades_USDJPY_37_0.18430_BUY_M15.csv,LIVE_ACCOUNT,USDJPY,LIVE_ACCOUNT
1008,USDJPY,BUY,2025-08-06 11:30:00+00:00,2025-08-06 16:02:40+00:00,147.778,147.378,-0.4000000000000057,0.4,0.4,-110.56,0.0,-2.0,-112.56,,[sl 147.378],1008,0.18430,OOS,listOfTrades_USDJPY_37_0.18430_BUY_M15.csv,C:\Users\Leon\Desktop\Business_Code\Quant_Structure\FTMO\Data_Center\Data\Trades\Raw\Backtest\LIVE_ACCOUNT\USDJPY\listOfTrades_USDJPY_37_0.18430_BUY_M15.csv,LIVE_ACCOUNT,USDJPY,LIVE_ACCOUNT
1010,USDJPY,BUY,2025-08-08 09:00:00+00:00,2025-08-08 23:45:00+00:00,147.413,147.746,0.3329999999999984,0.4,0.4,88.15,0.0,-2.0,86.15,,Strategy 0.18430,1010,0.18430,OOS,listOfTrades_USDJPY_37_0.18430_BUY_M15.csv,C:\Users\Leon\Desktop\Business_Code\Quant_Structure\FTMO\Data_Center\Data\Trades\Raw\Backtest\LIVE_ACCOUNT\USDJPY\listOfTrades_USDJPY_37_0.18430_BUY_M15.csv,LIVE_ACCOUNT,USDJPY,LIVE_ACCOUNT
1012,USDJPY,BUY,2025-08-11 14:15:00+00:00,2025-08-11 23:45:00+00:00,147.78,148.09,0.3100000000000023,0.4,0.4,81.73,0.0,-2.0,79.73,,Strategy 0.18430,1012,0.18430,OOS,listOfTrades_USDJPY_37_0.18430_BUY_M15.csv,C:\Users\Leon\Desktop\Business_Code\Quant_Structure\FTMO\Data_Center\Data\Trades\Raw\Backtest\LIVE_ACCOUNT\USDJPY\listOfTrades_USDJPY_37_0.18430_BUY_M15.csv,LIVE_ACCOUNT,USDJPY,LIVE_ACCOUNT
1014,USDJPY,BUY,2025-08-18 15:15:00+00:00,2025-08-18 23:45:00+00:00,147.592,147.814,0.22199999999998,0.4,0.4,58.08,0.0,-2.0,56.08,,Strategy 0.18430,1014,0.18430,OOS,listOfTrades_USDJPY_37_0.18430_BUY_M15.csv,C:\Users\Leon\Desktop\Business_Code\Quant_Structure\FTMO\Data_Center\Data\Trades\Raw\Backtest\LIVE_ACCOUNT\USDJPY\listOfTrades_USDJPY_37_0.18430_BUY_M15.csv,LIVE_ACCOUNT,USDJPY,LIVE_ACCOUNT
1016,USDJPY,BUY,2025-08-21 09:30:00+00:00,2025-08-21 18:05:40+00:00,147.516,148.316,0.8000000000000114,0.4,0.4,213.76,0.0,-2.0,211.76,,[tp 148.316],1016,0.18430,OOS,listOfTrades_USDJPY_37_0.18430_BUY_M15.csv,C:\Users\Leon\Desktop\Business_Code\Quant_Structure\FTMO\Data_Center\Data\Trades\Raw\Backtest\LIVE_ACCOUNT\USDJPY\listOfTrades_USDJPY_37_0.18430_BUY_M15.csv,LIVE_ACCOUNT,USDJPY,LIVE_ACCOUNT
1018,USDJPY,BUY,2025-08-22 07:15:00+00:00,2025-08-22 17:00:40+00:00,148.69,148.29,-0.4000000000000057,0.4,0.4,-109.9,0.0,-2.0,-111.9,,[sl 148.290],1018,0.18430,OOS,listOfTrades_USDJPY_37_0.18430_BUY_M15.csv,C:\Users\Leon\Desktop\Business_Code\Quant_Structure\FTMO\Data_Center\Data\Trades\Raw\Backtest\LIVE_ACCOUNT\USDJPY\listOfTrades_USDJPY_37_0.18430_BUY_M15.csv,LIVE_ACCOUNT,USDJPY,LIVE_ACCOUNT
1020,USDJPY,BUY,2025-08-25 18:45:00+00:00,2025-08-25 23:45:00+00:00,147.644,147.66,0.015999999999991132,0.4,0.4,2.33,0.0,-2.0,0.33000000000000007,,Strategy 0.18430,1020,0.18430,OOS,listOfTrades_USDJPY_37_0.18430_BUY_M15.csv,C:\Users\Leon\Desktop\Business_Code\Quant_Structure\FTMO\Data_Center\Data\Trades\Raw\Backtest\LIVE_ACCOUNT\USDJPY\listOfTrades_USDJPY_37_0.18430_BUY_M15.csv,LIVE_ACCOUNT,USDJPY,LIVE_ACCOUNT
1022,USDJPY,BUY,2025-08-27 10:15:00+00:00,2025-08-27 19:47:40+00:00,147.804,147.404,-0.4000000000000057,0.4,0.4,-110.55,0.0,-2.0,-112.55,,[sl 147.404],1022,0.18430,OOS,listOfTrades_USDJPY_37_0.18430_BUY_M15.csv,C:\Users\Leon\Desktop\Business_Code\Quant_Structure\FTMO\Data_Center\Data\Trades\Raw\Backtest\LIVE_ACCOUNT\USDJPY\listOfTrades_USDJPY_37_0.18430_BUY_M15.csv,LIVE_ACCOUNT,USDJPY,LIVE_ACCOUNT
1024,USDJPY,BUY,2025-08-29 10:00:00+00:00,2025-08-29 23:45:00+00:00,147.163,147.02,-0.14300000000000068,0.4,0.4,-40.91,0.0,-2.0,-42.91,,Strategy 0.18430,1024,0.18430,OOS,listOfTrades_USDJPY_37_0.18430_BUY_M15.csv,C:\Users\Leon\Desktop\Business_Code\Quant_Structure\FTMO\Data_Center\Data\Trades\Raw\Backtest\LIVE_ACCOUNT\USDJPY\listOfTrades_USDJPY_37_0.18430_BUY_M15.csv,LIVE_ACCOUNT,USDJPY,LIVE_ACCOUNT
1026,USDJPY,BUY,2025-09-02 07:15:00+00:00,2025-09-02 10:34:40+00:00,147.79,148.59,0.8000000000000114,0.4,0.4,213.36,0.0,-2.0,211.36,,[tp 148.590],1026,0.18430,OOS,listOfTrades_USDJPY_37_0.18430_BUY_M15.csv,C:\Users\Leon\Desktop\Business_Code\Quant_Structure\FTMO\Data_Center\Data\Trades\Raw\Backtest\LIVE_ACCOUNT\USDJPY\listOfTrades_USDJPY_37_0.18430_BUY_M15.csv,LIVE_ACCOUNT,USDJPY,LIVE_ACCOUNT
1028,USDJPY,BUY,2025-09-04 08:00:00+00:00,2025-09-04 23:45:00+00:00,148.244,148.448,0.20400000000000773,0.4,0.4,52.97,0.0,-2.0,50.97,,Strategy 0.18430,1028,0.18430,OOS,listOfTrades_USDJPY_37_0.18430_BUY_M15.csv,C:\Users\Leon\Desktop\Business_Code\Quant_Structure\FTMO\Data_Center\Data\Trades\Raw\Backtest\LIVE_ACCOUNT\USDJPY\listOfTrades_USDJPY_37_0.18430_BUY_M15.csv,LIVE_ACCOUNT,USDJPY,LIVE_ACCOUNT
1030,USDJPY,BUY,2025-09-11 08:45:00+00:00,2025-09-11 17:18:40+00:00,147.491,147.091,-0.4000000000000057,0.4,0.4,-110.78,0.0,-2.0,-112.78,,[sl 147.091],1030,0.18430,OOS,listOfTrades_USDJPY_37_0.18430_BUY_M15.csv,C:\Users\Leon\Desktop\Business_Code\Quant_Structure\FTMO\Data_Center\Data\Trades\Raw\Backtest\LIVE_ACCOUNT\USDJPY\listOfTrades_USDJPY_37_0.18430_BUY_M15.csv,LIVE_ACCOUNT,USDJPY,LIVE_ACCOUNT
1032,USDJPY,BUY,2025-09-12 07:15:00+00:00,2025-09-12 23:45:00+00:00,147.529,147.669,0.14000000000001478,0.4,0.4,35.92,0.0,-2.0,33.92,,Strategy 0.18430,1032,0.18430,OOS,listOfTrades_USDJPY_37_0.18430_BUY_M15.csv,C:\Users\Leon\Desktop\Business_Code\Quant_Structure\FTMO\Data_Center\Data\Trades\Raw\Backtest\LIVE_ACCOUNT\USDJPY\listOfTrades_USDJPY_37_0.18430_BUY_M15.csv,LIVE_ACCOUNT,USDJPY,LIVE_ACCOUNT
1034,USDJPY,BUY,2025-09-19 15:00:00+00:00,2025-09-19 23:45:00+00:00,148.173,147.959,-0.21399999999999864,0.4,0.4,-59.85,0.0,-2.0,-61.85,,Strategy 0.18430,1034,0.18430,OOS,listOfTrades_USDJPY_37_0.18430_BUY_M15.csv,C:\Users\Leon\Desktop\Business_Code\Quant_Structure\FTMO\Data_Center\Data\Trades\Raw\Backtest\LIVE_ACCOUNT\USDJPY\listOfTrades_USDJPY_37_0.18430_BUY_M15.csv,LIVE_ACCOUNT,USDJPY,LIVE_ACCOUNT
1036,USDJPY,BUY,2025-09-23 18:30:00+00:00,2025-09-23 21:17:40+00:00,147.875,147.475,-0.4000000000000057,0.4,0.4,-110.49,0.0,-2.0,-112.49,,[sl 147.475],1036,0.18430,OOS,listOfTrades_USDJPY_37_0.18430_BUY_M15.csv,C:\Users\Leon\Desktop\Business_Code\Quant_Structure\FTMO\Data_Center\Data\Trades\Raw\Backtest\LIVE_ACCOUNT\USDJPY\listOfTrades_USDJPY_37_0.18430_BUY_M15.csv,LIVE_ACCOUNT,USDJPY,LIVE_ACCOUNT
1038,USDJPY,BUY,2025-10-02 18:00:00+00:00,2025-10-02 23:45:00+00:00,147.335,147.247,-0.08799999999999386,0.4,0.4,-25.91,0.0,-2.0,-27.91,,Strategy 0.18430,1038,0.18430,OOS,listOfTrades_USDJPY_37_0.18430_BUY_M15.csv,C:\Users\Leon\Desktop\Business_Code\Quant_Structure\FTMO\Data_Center\Data\Trades\Raw\Backtest\LIVE_ACCOUNT\USDJPY\listOfTrades_USDJPY_37_0.18430_BUY_M15.csv,LIVE_ACCOUNT,USDJPY,LIVE_ACCOUNT
1040,USDJPY,BUY,2025-10-03 09:00:00+00:00,2025-10-03 11:00:40+00:00,147.784,147.384,-0.4000000000000057,0.4,0.4,-110.56,0.0,-2.0,-112.56,,[sl 147.384],1040,0.18430,OOS,listOfTrades_USDJPY_37_0.18430_BUY_M15.csv,C:\Users\Leon\Desktop\Business_Code\Quant_Structure\FTMO\Data_Center\Data\Trades\Raw\Backtest\LIVE_ACCOUNT\USDJPY\listOfTrades_USDJPY_37_0.18430_BUY_M15.csv,LIVE_ACCOUNT,USDJPY,LIVE_ACCOUNT
1042,USDJPY,BUY,2025-10-21 07:45:00+00:00,2025-10-21 13:42:40+00:00,151.171,151.971,0.8000000000000114,0.4,0.4,208.57,0.0,-2.0,206.57,,[tp 151.971],1042,0.18430,OOS,listOfTrades_USDJPY_37_0.18430_BUY_M15.csv,C:\Users\Leon\Desktop\Business_Code\Quant_Structure\FTMO\Data_Center\Data\Trades\Raw\Backtest\LIVE_ACCOUNT\USDJPY\listOfTrades_USDJPY_37_0.18430_BUY_M15.csv,LIVE_ACCOUNT,USDJPY,LIVE_ACCOUNT
1044,USDJPY,BUY,2025-10-22 09:15:00+00:00,2025-10-22 19:32:40+00:00,151.911,151.511,-0.4000000000000057,0.4,0.4,-107.6,0.0,-2.0,-109.6,,[sl 151.511],1044,0.18430,OOS,listOfTrades_USDJPY_37_0.18430_BUY_M15.csv,C:\Users\Leon\Desktop\Business_Code\Quant_Structure\FTMO\Data_Center\Data\Trades\Raw\Backtest\LIVE_ACCOUNT\USDJPY\listOfTrades_USDJPY_37_0.18430_BUY_M15.csv,LIVE_ACCOUNT,USDJPY,LIVE_ACCOUNT
1046,USDJPY,BUY,2025-10-23 07:15:00+00:00,2025-10-23 23:45:00+00:00,152.518,152.591,0.0730000000000075,0.4,0.4,17.14,0.0,-2.0,15.14,,Strategy 0.18430,1046,0.18430,OOS,listOfTrades_USDJPY_37_0.18430_BUY_M15.csv,C:\Users\Leon\Desktop\Business_Code\Quant_Structure\FTMO\Data_Center\Data\Trades\Raw\Backtest\LIVE_ACCOUNT\USDJPY\listOfTrades_USDJPY_37_0.18430_BUY_M15.csv,LIVE_ACCOUNT,USDJPY,LIVE_ACCOUNT
1048,USDJPY,BUY,2025-10-24 08:15:00+00:00,2025-10-24 15:30:40+00:00,152.94,152.54,-0.4000000000000057,0.4,0.4,-106.89,0.0,-2.0,-108.89,,[sl 152.540],1048,0.18430,OOS,listOfTrades_USDJPY_37_0.18430_BUY_M15.csv,C:\Users\Leon\Desktop\Business_Code\Quant_Structure\FTMO\Data_Center\Data\Trades\Raw\Backtest\LIVE_ACCOUNT\USDJPY\listOfTrades_USDJPY_37_0.18430_BUY_M15.csv,LIVE_ACCOUNT,USDJPY,LIVE_ACCOUNT
1050,USDJPY,BUY,2025-10-27 08:15:00+00:00,2025-10-27 09:39:20+00:00,153.234,152.834,-0.4000000000000057,0.4,0.4,-106.69,0.0,-2.0,-108.69,,[sl 152.834],1050,0.18430,OOS,listOfTrades_USDJPY_37_0.18430_BUY_M15.csv,C:\Users\Leon\Desktop\Business_Code\Quant_Structure\FTMO\Data_Center\Data\Trades\Raw\Backtest\LIVE_ACCOUNT\USDJPY\listOfTrades_USDJPY_37_0.18430_BUY_M15.csv,LIVE_ACCOUNT,USDJPY,LIVE_ACCOUNT
1052,USDJPY,BUY,2025-10-29 08:15:00+00:00,2025-10-29 21:38:40+00:00,152.187,152.987,0.799999999999983,0.4,0.4,207.17,0.0,-2.0,205.17,,[tp 152.987],1052,0.18430,OOS,listOfTrades_USDJPY_37_0.18430_BUY_M15.csv,C:\Users\Leon\Desktop\Business_Code\Quant_Structure\FTMO\Data_Center\Data\Trades\Raw\Backtest\LIVE_ACCOUNT\USDJPY\listOfTrades_USDJPY_37_0.18430_BUY_M15.csv,LIVE_ACCOUNT,USDJPY,LIVE_ACCOUNT
1054,USDJPY,BUY,2025-10-30 08:30:00+00:00,2025-10-30 11:19:40+00:00,152.97,153.77,0.8000000000000114,0.4,0.4,206.1,0.0,-2.0,204.1,,[tp 153.770],1054,0.18430,OOS,listOfTrades_USDJPY_37_0.18430_BUY_M15.csv,C:\Users\Leon\Desktop\Business_Code\Quant_Structure\FTMO\Data_Center\Data\Trades\Raw\Backtest\LIVE_ACCOUNT\USDJPY\listOfTrades_USDJPY_37_0.18430_BUY_M15.csv,LIVE_ACCOUNT,USDJPY,LIVE_ACCOUNT
1056,USDJPY,BUY,2025-11-03 08:30:00+00:00,2025-11-03 23:45:00+00:00,154.245,154.191,-0.054000000000002046,0.4,0.4,-16.01,0.0,-2.0,-18.01,,Strategy 0.18430,1056,0.18430,OOS,listOfTrades_USDJPY_37_0.18430_BUY_M15.csv,C:\Users\Leon\Desktop\Business_Code\Quant_Structure\FTMO\Data_Center\Data\Trades\Raw\Backtest\LIVE_ACCOUNT\USDJPY\listOfTrades_USDJPY_37_0.18430_BUY_M15.csv,LIVE_ACCOUNT,USDJPY,LIVE_ACCOUNT
1058,USDJPY,BUY,2025-11-07 21:30:00+00:00,2025-11-07 23:45:00+00:00,153.333,153.46,0.12700000000000955,0.4,0.4,31.1,0.0,-2.0,29.1,,Strategy 0.18430,1058,0.18430,OOS,listOfTrades_USDJPY_37_0.18430_BUY_M15.csv,C:\Users\Leon\Desktop\Business_Code\Quant_Structure\FTMO\Data_Center\Data\Trades\Raw\Backtest\LIVE_ACCOUNT\USDJPY\listOfTrades_USDJPY_37_0.18430_BUY_M15.csv,LIVE_ACCOUNT,USDJPY,LIVE_ACCOUNT
1060,USDJPY,BUY,2025-11-10 07:15:00+00:00,2025-11-10 23:45:00+00:00,154.038,154.121,0.08299999999999841,0.4,0.4,19.54,0.0,-2.0,17.54,,Strategy 0.18430,1060,0.18430,OOS,listOfTrades_USDJPY_37_0.18430_BUY_M15.csv,C:\Users\Leon\Desktop\Business_Code\Quant_Structure\FTMO\Data_Center\Data\Trades\Raw\Backtest\LIVE_ACCOUNT\USDJPY\listOfTrades_USDJPY_37_0.18430_BUY_M15.csv,LIVE_ACCOUNT,USDJPY,LIVE_ACCOUNT
1062,USDJPY,BUY,2025-11-14 12:00:00+00:00,2025-11-14 14:22:40+00:00,154.695,154.295,-0.4000000000000057,0.4,0.4,-105.7,0.0,-2.0,-107.7,,[sl 154.295],1062,0.18430,OOS,listOfTrades_USDJPY_37_0.18430_BUY_M15.csv,C:\Users\Leon\Desktop\Business_Code\Quant_Structure\FTMO\Data_Center\Data\Trades\Raw\Backtest\LIVE_ACCOUNT\USDJPY\listOfTrades_USDJPY_37_0.18430_BUY_M15.csv,LIVE_ACCOUNT,USDJPY,LIVE_ACCOUNT
1064,USDJPY,BUY,2025-11-17 08:15:00+00:00,2025-11-17 23:45:00+00:00,154.79,155.226,0.43600000000000705,0.4,0.4,110.35,0.0,-2.0,108.35,,Strategy 0.18430,1064,0.18430,OOS,listOfTrades_USDJPY_37_0.18430_BUY_M15.csv,C:\Users\Leon\Desktop\Business_Code\Quant_Structure\FTMO\Data_Center\Data\Trades\Raw\Backtest\LIVE_ACCOUNT\USDJPY\listOfTrades_USDJPY_37_0.18430_BUY_M15.csv,LIVE_ACCOUNT,USDJPY,LIVE_ACCOUNT
1066,USDJPY,BUY,2025-11-18 13:00:00+00:00,2025-11-18 23:45:00+00:00,155.42,155.518,0.09800000000001319,0.4,0.4,23.21,0.0,-2.0,21.21,,Strategy 0.18430,1066,0.18430,OOS,listOfTrades_USDJPY_37_0.18430_BUY_M15.csv,C:\Users\Leon\Desktop\Business_Code\Quant_Structure\FTMO\Data_Center\Data\Trades\Raw\Backtest\LIVE_ACCOUNT\USDJPY\listOfTrades_USDJPY_37_0.18430_BUY_M15.csv,LIVE_ACCOUNT,USDJPY,LIVE_ACCOUNT
1068,USDJPY,BUY,2025-11-19 10:30:00+00:00,2025-11-19 16:45:40+00:00,155.665,156.465,0.8000000000000114,0.4,0.4,202.52,0.0,-2.0,200.52,,[tp 156.465],1068,0.18430,OOS,listOfTrades_USDJPY_37_0.18430_BUY_M15.csv,C:\Users\Leon\Desktop\Business_Code\Quant_Structure\FTMO\Data_Center\Data\Trades\Raw\Backtest\LIVE_ACCOUNT\USDJPY\listOfTrades_USDJPY_37_0.18430_BUY_M15.csv,LIVE_ACCOUNT,USDJPY,LIVE_ACCOUNT
1070,USDJPY,BUY,2025-11-26 09:30:00+00:00,2025-11-26 23:45:00+00:00,156.403,156.423,0.020000000000010232,0.4,0.4,3.11,0.0,-2.0,1.1099999999999999,,Strategy 0.18430,1070,0.18430,OOS,listOfTrades_USDJPY_37_0.18430_BUY_M15.csv,C:\Users\Leon\Desktop\Business_Code\Quant_Structure\FTMO\Data_Center\Data\Trades\Raw\Backtest\LIVE_ACCOUNT\USDJPY\listOfTrades_USDJPY_37_0.18430_BUY_M15.csv,LIVE_ACCOUNT,USDJPY,LIVE_ACCOUNT
1072,USDJPY,BUY,2025-12-02 08:30:00+00:00,2025-12-02 23:45:00+00:00,155.786,155.874,0.08799999999999386,0.4,0.4,20.58,0.0,-2.0,18.58,,Strategy 0.18430,1072,0.18430,OOS,listOfTrades_USDJPY_37_0.18430_BUY_M15.csv,C:\Users\Leon\Desktop\Business_Code\Quant_Structure\FTMO\Data_Center\Data\Trades\Raw\Backtest\LIVE_ACCOUNT\USDJPY\listOfTrades_USDJPY_37_0.18430_BUY_M15.csv,LIVE_ACCOUNT,USDJPY,LIVE_ACCOUNT
1074,USDJPY,BUY,2025-12-05 13:30:00+00:00,2025-12-05 23:45:00+00:00,155.175,155.345,0.1699999999999875,0.4,0.4,41.77,0.0,-2.0,39.77,,Strategy 0.18430,1074,0.18430,OOS,listOfTrades_USDJPY_37_0.18430_BUY_M15.csv,C:\Users\Leon\Desktop\Business_Code\Quant_Structure\FTMO\Data_Center\Data\Trades\Raw\Backtest\LIVE_ACCOUNT\USDJPY\listOfTrades_USDJPY_37_0.18430_BUY_M15.csv,LIVE_ACCOUNT,USDJPY,LIVE_ACCOUNT
1076,USDJPY,BUY,2025-12-08 07:30:00+00:00,2025-12-08 23:45:00+00:00,155.213,155.935,0.7220000000000084,0.4,0.4,183.21,0.0,-2.0,181.21,,Strategy 0.18430,1076,0.18430,OOS,listOfTrades_USDJPY_37_0.18430_BUY_M15.csv,C:\Users\Leon\Desktop\Business_Code\Quant_Structure\FTMO\Data_Center\Data\Trades\Raw\Backtest\LIVE_ACCOUNT\USDJPY\listOfTrades_USDJPY_37_0.18430_BUY_M15.csv,LIVE_ACCOUNT,USDJPY,LIVE_ACCOUNT
1078,USDJPY,BUY,2025-12-12 08:30:00+00:00,2025-12-12 23:45:00+00:00,155.801,155.821,0.020000000000010232,0.4,0.4,3.13,0.0,-2.0,1.13,,Strategy 0.18430,1078,0.18430,OOS,listOfTrades_USDJPY_37_0.18430_BUY_M15.csv,C:\Users\Leon\Desktop\Business_Code\Quant_Structure\FTMO\Data_Center\Data\Trades\Raw\Backtest\LIVE_ACCOUNT\USDJPY\listOfTrades_USDJPY_37_0.18430_BUY_M15.csv,LIVE_ACCOUNT,USDJPY,LIVE_ACCOUNT
1080,USDJPY,BUY,2025-12-18 07:45:00+00:00,2025-12-18 15:30:40+00:00,155.836,155.436,-0.4000000000000057,0.4,0.4,-104.94,0.0,-2.0,-106.94,,[sl 155.436],1080,0.18430,OOS,listOfTrades_USDJPY_37_0.18430_BUY_M15.csv,C:\Users\Leon\Desktop\Business_Code\Quant_Structure\FTMO\Data_Center\Data\Trades\Raw\Backtest\LIVE_ACCOUNT\USDJPY\listOfTrades_USDJPY_37_0.18430_BUY_M15.csv,LIVE_ACCOUNT,USDJPY,LIVE_ACCOUNT
1082,USDJPY,BUY,2025-12-19 08:45:00+00:00,2025-12-19 09:00:20+00:00,156.378,155.978,-0.39999999999997726,0.4,0.4,-104.58,0.0,-2.0,-106.58,,[sl 155.978],1082,0.18430,OOS,listOfTrades_USDJPY_37_0.18430_BUY_M15.csv,C:\Users\Leon\Desktop\Business_Code\Quant_Structure\FTMO\Data_Center\Data\Trades\Raw\Backtest\LIVE_ACCOUNT\USDJPY\listOfTrades_USDJPY_37_0.18430_BUY_M15.csv,LIVE_ACCOUNT,USDJPY,LIVE_ACCOUNT
1084,USDJPY,BUY,2025-12-26 11:45:00+00:00,2025-12-26 23:45:00+00:00,156.448,156.551,0.10299999999998022,0.4,0.4,24.32,0.0,-2.0,22.32,,Strategy 0.18430,1084,0.18430,OOS,listOfTrades_USDJPY_37_0.18430_BUY_M15.csv,C:\Users\Leon\Desktop\Business_Code\Quant_Structure\FTMO\Data_Center\Data\Trades\Raw\Backtest\LIVE_ACCOUNT\USDJPY\listOfTrades_USDJPY_37_0.18430_BUY_M15.csv,LIVE_ACCOUNT,USDJPY,LIVE_ACCOUNT
1086,USDJPY,BUY,2025-12-30 17:15:00+00:00,2025-12-30 23:45:00+00:00,156.35,156.421,0.07099999999999795,0.4,0.4,16.16,0.0,-2.0,14.16,,Strategy 0.18430,1086,0.18430,OOS,listOfTrades_USDJPY_37_0.18430_BUY_M15.csv,C:\Users\Leon\Desktop\Business_Code\Quant_Structure\FTMO\Data_Center\Data\Trades\Raw\Backtest\LIVE_ACCOUNT\USDJPY\listOfTrades_USDJPY_37_0.18430_BUY_M15.csv,LIVE_ACCOUNT,USDJPY,LIVE_ACCOUNT
1088,USDJPY,BUY,2026-01-02 20:00:00+00:00,2026-01-02 23:45:00+00:00,156.77,156.86,0.09000000000000341,0.4,0.4,20.95,0.0,-2.0,18.95,,Strategy 0.18430,1088,0.18430,OOS,listOfTrades_USDJPY_37_0.18430_BUY_M15.csv,C:\Users\Leon\Desktop\Business_Code\Quant_Structure\FTMO\Data_Center\Data\Trades\Raw\Backtest\LIVE_ACCOUNT\USDJPY\listOfTrades_USDJPY_37_0.18430_BUY_M15.csv,LIVE_ACCOUNT,USDJPY,LIVE_ACCOUNT
1090,USDJPY,BUY,2026-01-06 19:15:00+00:00,2026-01-06 23:45:00+00:00,156.716,156.639,-0.07699999999999818,0.4,0.4,-21.66,0.0,-2.0,-23.66,,Strategy 0.18430,1090,0.18430,OOS,listOfTrades_USDJPY_37_0.18430_BUY_M15.csv,C:\Users\Leon\Desktop\Business_Code\Quant_Structure\FTMO\Data_Center\Data\Trades\Raw\Backtest\LIVE_ACCOUNT\USDJPY\listOfTrades_USDJPY_37_0.18430_BUY_M15.csv,LIVE_ACCOUNT,USDJPY,LIVE_ACCOUNT
1092,USDJPY,BUY,2026-01-07 18:15:00+00:00,2026-01-07 23:45:00+00:00,156.768,156.771,0.002999999999985903,0.4,0.4,-1.23,0.0,-2.0,-3.23,,Strategy 0.18430,1092,0.18430,OOS,listOfTrades_USDJPY_37_0.18430_BUY_M15.csv,C:\Users\Leon\Desktop\Business_Code\Quant_Structure\FTMO\Data_Center\Data\Trades\Raw\Backtest\LIVE_ACCOUNT\USDJPY\listOfTrades_USDJPY_37_0.18430_BUY_M15.csv,LIVE_ACCOUNT,USDJPY,LIVE_ACCOUNT
1094,USDJPY,BUY,2026-01-08 16:00:00+00:00,2026-01-08 23:45:00+00:00,156.969,156.861,-0.10800000000000409,0.4,0.4,-29.54,0.0,-2.0,-31.54,,Strategy 0.18430,1094,0.18430,OOS,listOfTrades_USDJPY_37_0.18430_BUY_M15.csv,C:\Users\Leon\Desktop\Business_Code\Quant_Structure\FTMO\Data_Center\Data\Trades\Raw\Backtest\LIVE_ACCOUNT\USDJPY\listOfTrades_USDJPY_37_0.18430_BUY_M15.csv,LIVE_ACCOUNT,USDJPY,LIVE_ACCOUNT
1096,USDJPY,BUY,2026-01-09 07:15:00+00:00,2026-01-09 17:07:40+00:00,157.295,158.095,0.8000000000000114,0.4,0.4,200.41,0.0,-2.0,198.41,,[tp 158.095],1096,0.18430,OOS,listOfTrades_USDJPY_37_0.18430_BUY_M15.csv,C:\Users\Leon\Desktop\Business_Code\Quant_Structure\FTMO\Data_Center\Data\Trades\Raw\Backtest\LIVE_ACCOUNT\USDJPY\listOfTrades_USDJPY_37_0.18430_BUY_M15.csv,LIVE_ACCOUNT,USDJPY,LIVE_ACCOUNT
1098,USDJPY,BUY,2026-01-13 08:15:00+00:00,2026-01-13 23:45:00+00:00,158.885,159.143,0.2580000000000098,0.4,0.4,62.85,0.0,-2.0,60.85,,Strategy 0.18430,1098,0.18430,OOS,listOfTrades_USDJPY_37_0.18430_BUY_M15.csv,C:\Users\Leon\Desktop\Business_Code\Quant_Structure\FTMO\Data_Center\Data\Trades\Raw\Backtest\LIVE_ACCOUNT\USDJPY\listOfTrades_USDJPY_37_0.18430_BUY_M15.csv,LIVE_ACCOUNT,USDJPY,LIVE_ACCOUNT
1100,USDJPY,BUY,2026-01-15 15:45:00+00:00,2026-01-15 23:45:00+00:00,158.746,158.64,-0.10600000000002296,0.4,0.4,-28.73,0.0,-2.0,-30.73,,Strategy 0.18430,1100,0.18430,OOS,listOfTrades_USDJPY_37_0.18430_BUY_M15.csv,C:\Users\Leon\Desktop\Business_Code\Quant_Structure\FTMO\Data_Center\Data\Trades\Raw\Backtest\LIVE_ACCOUNT\USDJPY\listOfTrades_USDJPY_37_0.18430_BUY_M15.csv,LIVE_ACCOUNT,USDJPY,LIVE_ACCOUNT
1102,USDJPY,BUY,2026-01-19 13:15:00+00:00,2026-01-19 23:45:00+00:00,157.974,158.109,0.13500000000001933,0.4,0.4,32.15,0.0,-2.0,30.15,,Strategy 0.18430,1102,0.18430,OOS,listOfTrades_USDJPY_37_0.18430_BUY_M15.csv,C:\Users\Leon\Desktop\Business_Code\Quant_Structure\FTMO\Data_Center\Data\Trades\Raw\Backtest\LIVE_ACCOUNT\USDJPY\listOfTrades_USDJPY_37_0.18430_BUY_M15.csv,LIVE_ACCOUNT,USDJPY,LIVE_ACCOUNT
1104,USDJPY,BUY,2026-01-20 08:30:00+00:00,2026-01-20 10:31:40+00:00,158.453,158.053,-0.4000000000000057,0.4,0.4,-103.23,0.0,-2.0,-105.23,,[sl 158.053],1104,0.18430,OOS,listOfTrades_USDJPY_37_0.18430_BUY_M15.csv,C:\Users\Leon\Desktop\Business_Code\Quant_Structure\FTMO\Data_Center\Data\Trades\Raw\Backtest\LIVE_ACCOUNT\USDJPY\listOfTrades_USDJPY_37_0.18430_BUY_M15.csv,LIVE_ACCOUNT,USDJPY,LIVE_ACCOUNT
1106,USDJPY,BUY,2026-01-21 07:30:00+00:00,2026-01-21 14:40:40+00:00,158.199,157.799,-0.4000000000000057,0.4,0.4,-103.39,0.0,-2.0,-105.39,,[sl 157.799],1106,0.18430,OOS,listOfTrades_USDJPY_37_0.18430_BUY_M15.csv,C:\Users\Leon\Desktop\Business_Code\Quant_Structure\FTMO\Data_Center\Data\Trades\Raw\Backtest\LIVE_ACCOUNT\USDJPY\listOfTrades_USDJPY_37_0.18430_BUY_M15.csv,LIVE_ACCOUNT,USDJPY,LIVE_ACCOUNT
1108,USDJPY,BUY,2026-01-22 07:15:00+00:00,2026-01-22 18:19:40+00:00,158.685,158.285,-0.4000000000000057,0.4,0.4,-103.08,0.0,-2.0,-105.08,,[sl 158.285],1108,0.18430,OOS,listOfTrades_USDJPY_37_0.18430_BUY_M15.csv,C:\Users\Leon\Desktop\Business_Code\Quant_Structure\FTMO\Data_Center\Data\Trades\Raw\Backtest\LIVE_ACCOUNT\USDJPY\listOfTrades_USDJPY_37_0.18430_BUY_M15.csv,LIVE_ACCOUNT,USDJPY,LIVE_ACCOUNT
1110,USDJPY,BUY,2026-01-23 08:45:00+00:00,2026-01-23 09:43:40+00:00,158.777,158.377,-0.39999999999997726,0.4,0.4,-103.02,0.0,-2.0,-105.02,,[sl 158.377],1110,0.18430,OOS,listOfTrades_USDJPY_37_0.18430_BUY_M15.csv,C:\Users\Leon\Desktop\Business_Code\Quant_Structure\FTMO\Data_Center\Data\Trades\Raw\Backtest\LIVE_ACCOUNT\USDJPY\listOfTrades_USDJPY_37_0.18430_BUY_M15.csv,LIVE_ACCOUNT,USDJPY,LIVE_ACCOUNT
1112,USDJPY,BUY,2026-01-29 13:00:00+00:00,2026-01-29 16:51:20+00:00,153.441,153.041,-0.4000000000000057,0.4,0.4,-106.55,0.0,-2.0,-108.55,,[sl 153.041],1112,0.18430,OOS,listOfTrades_USDJPY_37_0.18430_BUY_M15.csv,C:\Users\Leon\Desktop\Business_Code\Quant_Structure\FTMO\Data_Center\Data\Trades\Raw\Backtest\LIVE_ACCOUNT\USDJPY\listOfTrades_USDJPY_37_0.18430_BUY_M15.csv,LIVE_ACCOUNT,USDJPY,LIVE_ACCOUNT
1114,USDJPY,BUY,2026-01-30 07:45:00+00:00,2026-01-30 23:45:00+00:00,154.092,154.741,0.6490000000000009,0.4,0.4,165.76,0.0,-2.0,163.76,,Strategy 0.18430,1114,0.18430,OOS,listOfTrades_USDJPY_37_0.18430_BUY_M15.csv,C:\Users\Leon\Desktop\Business_Code\Quant_Structure\FTMO\Data_Center\Data\Trades\Raw\Backtest\LIVE_ACCOUNT\USDJPY\listOfTrades_USDJPY_37_0.18430_BUY_M15.csv,LIVE_ACCOUNT,USDJPY,LIVE_ACCOUNT
1116,USDJPY,BUY,2026-02-06 08:15:00+00:00,2026-02-06 23:45:00+00:00,156.84,157.186,0.34600000000000364,0.4,0.4,86.05,0.0,-2.0,84.05,,Strategy 0.18430,1116,0.18430,OOS,listOfTrades_USDJPY_37_0.18430_BUY_M15.csv,C:\Users\Leon\Desktop\Business_Code\Quant_Structure\FTMO\Data_Center\Data\Trades\Raw\Backtest\LIVE_ACCOUNT\USDJPY\listOfTrades_USDJPY_37_0.18430_BUY_M15.csv,LIVE_ACCOUNT,USDJPY,LIVE_ACCOUNT
1118,USDJPY,BUY,2026-02-12 08:30:00+00:00,2026-02-12 08:41:20+00:00,153.415,153.015,-0.4000000000000057,0.4,0.4,-106.56,0.0,-2.0,-108.56,,[sl 153.015],1118,0.18430,OOS,listOfTrades_USDJPY_37_0.18430_BUY_M15.csv,C:\Users\Leon\Desktop\Business_Code\Quant_Structure\FTMO\Data_Center\Data\Trades\Raw\Backtest\LIVE_ACCOUNT\USDJPY\listOfTrades_USDJPY_37_0.18430_BUY_M15.csv,LIVE_ACCOUNT,USDJPY,LIVE_ACCOUNT
1120,USDJPY,BUY,2026-02-13 09:00:00+00:00,2026-02-13 15:30:40+00:00,153.403,153.003,-0.4000000000000057,0.4,0.4,-106.57,0.0,-2.0,-108.57,,[sl 153.003],1120,0.18430,OOS,listOfTrades_USDJPY_37_0.18430_BUY_M15.csv,C:\Users\Leon\Desktop\Business_Code\Quant_Structure\FTMO\Data_Center\Data\Trades\Raw\Backtest\LIVE_ACCOUNT\USDJPY\listOfTrades_USDJPY_37_0.18430_BUY_M15.csv,LIVE_ACCOUNT,USDJPY,LIVE_ACCOUNT
1122,USDJPY,BUY,2026-02-16 09:15:00+00:00,2026-02-16 23:45:00+00:00,153.277,153.507,0.2300000000000182,0.4,0.4,57.93,0.0,-2.0,55.93,,Strategy 0.18430,1122,0.18430,OOS,listOfTrades_USDJPY_37_0.18430_BUY_M15.csv,C:\Users\Leon\Desktop\Business_Code\Quant_Structure\FTMO\Data_Center\Data\Trades\Raw\Backtest\LIVE_ACCOUNT\USDJPY\listOfTrades_USDJPY_37_0.18430_BUY_M15.csv,LIVE_ACCOUNT,USDJPY,LIVE_ACCOUNT
1124,USDJPY,BUY,2026-02-17 16:15:00+00:00,2026-02-17 23:45:00+00:00,153.411,153.258,-0.1529999999999916,0.4,0.4,-41.93,0.0,-2.0,-43.93,,Strategy 0.18430,1124,0.18430,OOS,listOfTrades_USDJPY_37_0.18430_BUY_M15.csv,C:\Users\Leon\Desktop\Business_Code\Quant_Structure\FTMO\Data_Center\Data\Trades\Raw\Backtest\LIVE_ACCOUNT\USDJPY\listOfTrades_USDJPY_37_0.18430_BUY_M15.csv,LIVE_ACCOUNT,USDJPY,LIVE_ACCOUNT
1126,USDJPY,BUY,2026-02-18 10:45:00+00:00,2026-02-18 19:39:40+00:00,153.779,154.579,0.8000000000000114,0.4,0.4,205.01,0.0,-2.0,203.01,,[tp 154.579],1126,0.18430,OOS,listOfTrades_USDJPY_37_0.18430_BUY_M15.csv,C:\Users\Leon\Desktop\Business_Code\Quant_Structure\FTMO\Data_Center\Data\Trades\Raw\Backtest\LIVE_ACCOUNT\USDJPY\listOfTrades_USDJPY_37_0.18430_BUY_M15.csv,LIVE_ACCOUNT,USDJPY,LIVE_ACCOUNT
1128,USDJPY,BUY,2026-02-20 10:00:00+00:00,2026-02-20 15:30:20+00:00,155.499,155.099,-0.4000000000000057,0.4,0.4,-105.16,0.0,-2.0,-107.16,,[sl 155.099],1128,0.18430,OOS,listOfTrades_USDJPY_37_0.18430_BUY_M15.csv,C:\Users\Leon\Desktop\Business_Code\Quant_Structure\FTMO\Data_Center\Data\Trades\Raw\Backtest\LIVE_ACCOUNT\USDJPY\listOfTrades_USDJPY_37_0.18430_BUY_M15.csv,LIVE_ACCOUNT,USDJPY,LIVE_ACCOUNT
